ID,Local_ID,Language_ID,Parameter_ID,Value,Form,Segments,Comment,Source,Cognacy,Loan,Graphemes,Profile
KusundaGM-1_above-1,,KusundaGM,1_above,nɔŋ.ʣeː ɐŋ.ʣeː,ɐŋ.ʣeː,ɐ ŋ + dz eː,,Bodt2019b,,,^ɐ ŋ . ʣ eː$,default
KusundaK-1_above-1,,KusundaK,1_above,nɔ̃ː.ʤi ɐ̃ː.ʤi,ɐ̃ː.ʤi,ɐ̃ː + dʒ i,,Bodt2019b,,,^ɐ̃ː . ʤ i$,default
ProtoKusunda-1_above-1,,ProtoKusunda,1_above,ɐɴ.ʣe,ɐɴ.ʣe,ɐ ɴ + dz e,,Bodt2019b,,,^ɐ ɴ . ʣ e$,default
KusundaGM-2_all-1,,KusundaGM,2_all,sɐt.t̪eːj,sɐt.t̪eːj,s ɐ t + t̪ eː j,,Bodt2019b,,,^s ɐ t . t̪ eː j$,default
KusundaK-2_all-1,,KusundaK,2_all,swɐ.t̪eː,swɐ.t̪eː,s w ɐ + t̪ eː,,Bodt2019b,,,^sw ɐ . t̪ eː$,default
ProtoKusunda-2_all-1,,ProtoKusunda,2_all,swɐ.te,swɐ.te,s w ɐ + t e,,Bodt2019b,,,^sw ɐ . t e$,default
KusundaGM-3_theant-1,,KusundaGM,3_theant,bi.kiː,bi.kiː,b i + k iː,,Bodt2019b,,,^b i . k iː$,default
KusundaK-3_theant-1,,KusundaK,3_theant,biː.kiː,biː.kiː,b iː + k iː,,Bodt2019b,,,^b iː . k iː$,default
ProtoKusunda-3_theant-1,,ProtoKusunda,3_theant,bi.ki,bi.ki,b i + k i,,Bodt2019b,,,^b i . k i$,default
KusundaGM-4_thearmpit-1,,KusundaGM,4_thearmpit,kaː.kʰi,kaː.kʰi,k aː + kʰ i,,Bodt2019b,,,^k aː . kʰ i$,default
KusundaK-4_thearmpit-1,,KusundaK,4_thearmpit,kaː.kʰiː,kaː.kʰiː,k aː + kʰ iː,,Bodt2019b,,,^k aː . kʰ iː$,default
ProtoKusunda-4_thearmpit-1,,ProtoKusunda,4_thearmpit,ka.kʰi,ka.kʰi,k a + kʰ i,,Bodt2019b,,,^k a . kʰ i$,default
KusundaGM-5_bad-1,,KusundaGM,5_bad,qɔ.lɔm,qɔ.lɔm,q ɔ + l ɔ m,,Bodt2019b,,,^q ɔ . l ɔ m$,default
KusundaK-5_bad-1,,KusundaK,5_bad,qɔː.lum,qɔː.lum,q ɔː + l u m,,Bodt2019b,,,^q ɔː . l u m$,default
ProtoKusunda-5_bad-1,,ProtoKusunda,5_bad,qo.lum,qo.lum,q o + l u m,,Bodt2019b,,,^q o . l u m$,default
KusundaGM-6_thebamboo-1,,KusundaGM,6_thebamboo,pɐ.weːj,pɐ.weːj,p ɐ + w eː j,,Bodt2019b,,,^p ɐ . w eː j$,default
KusundaK-6_thebamboo-1,,KusundaK,6_thebamboo,pɐ.weːj,pɐ.weːj,p ɐ + w eː j,,Bodt2019b,,,^p ɐ . w eː j$,default
ProtoKusunda-6_thebamboo-1,,ProtoKusunda,6_thebamboo,pɐ.we,pɐ.we,p ɐ + w e,,Bodt2019b,,,^p ɐ . w e$,default
KusundaGM-7_thebarleytibetanorhighland-1,,KusundaGM,7_thebarleytibetanorhighland,gi.sə.kə.laː,gi.sə.kə.laː,g i + s ə + k ə + l aː,,Bodt2019b,,,^g i . s ə . k ə . l aː$,default
KusundaK-7_thebarleytibetanorhighland-1,,KusundaK,7_thebarleytibetanorhighland,gi.saː.laː,gi.saː.laː,g i + s aː + l aː,,Bodt2019b,,,^g i . s aː . l aː$,default
ProtoKusunda-7_thebarleytibetanorhighland-1,,ProtoKusunda,7_thebarleytibetanorhighland,gi.sa.la,gi.sa.la,g i + s a + l a,,Bodt2019b,,,^g i . s a . l a$,default
KusundaGM-8_tobealive-1,,KusundaGM,8_tobealive,əj.gi aː.gɔː,əj.gi aː.gɔː,ə j + g i + aː + g ɔː,,Bodt2019b,,,^ə j . g i + aː . g ɔː$,default
KusundaK-8_tobealive-1,,KusundaK,8_tobealive,ə.giː ɐ.gɔː,ə.giː ɐ.gɔː,ə + g iː + ɐ + g ɔː,,Bodt2019b,,,^ə . g iː + ɐ . g ɔː$,default
ProtoKusunda-8_tobealive-1,,ProtoKusunda,8_tobealive,əj.gi,əj.gi,ə j + g i,,Bodt2019b,,,^ə j . g i$,default
KusundaGM-9_thebelly-1,,KusundaGM,9_thebelly,geː.mɐt̪,geː.mɐt̪,g eː + m ɐ t̪,,Bodt2019b,,,^g eː . m ɐ t̪$,default
KusundaK-9_thebelly-1,,KusundaK,9_thebelly,geː.mɐt̪,geː.mɐt̪,g eː + m ɐ t̪,,Bodt2019b,,,^g eː . m ɐ t̪$,default
ProtoKusunda-9_thebelly-1,,ProtoKusunda,9_thebelly,ge.mɐt,ge.mɐt,g e + m ɐ t,,Bodt2019b,,,^g e . m ɐ t$,default
KusundaGM-10_belowunder-1,,KusundaGM,10_belowunder,ɐ.meːj,ɐ.meːj,ɐ + m eː j,,Bodt2019b,,,^ɐ . m eː j$,default
KusundaK-10_belowunder-1,,KusundaK,10_belowunder,ɐ.mə.gaː,ɐ.mə.gaː,ɐ + m ə + g aː,,Bodt2019b,,,^ɐ . m ə . g aː$,default
ProtoKusunda-10_belowunder-1,,ProtoKusunda,10_belowunder,ɐ.me,ɐ.me,ɐ + m e,,Bodt2019b,,,^ɐ . m e$,default
KusundaGM-11_big-1,,KusundaGM,11_big,bɐ.ʦʰeːj,bɐ.ʦʰeːj,b ɐ + tsʰ eː j,,Bodt2019b,,,^b ɐ . ʦʰ eː j$,default
KusundaK-11_big-1,,KusundaK,11_big,bɐ.ʧʰiː,bɐ.ʧʰiː,b ɐ + tʃʰ iː,,Bodt2019b,,,^b ɐ . ʧʰ iː$,default
ProtoKusunda-11_big-1,,ProtoKusunda,11_big,bɐ.ʦʰe,bɐ.ʦʰe,b ɐ + tsʰ e,,Bodt2019b,,,^b ɐ . ʦʰ e$,default
KusundaGM-12_thebird-1,,KusundaGM,12_thebird,qɔ.t̪ɔw,qɔ.t̪ɔw,q ɔ + t̪ ɔ w,,Bodt2019b,,,^q ɔ . t̪ ɔ w$,default
KusundaK-12_thebird-1,,KusundaK,12_thebird,qɔ.t̪uː,qɔ.t̪uː,q ɔ + t̪ uː,,Bodt2019b,,,^q ɔ . t̪ uː$,default
ProtoKusunda-12_thebird-1,,ProtoKusunda,12_thebird,qo.tow,qo.tow,q o + t o w,,Bodt2019b,,,^q o . t o w$,default
KusundaGM-13_tobite-1,,KusundaGM,13_tobite,kʰɐm aː.gɔː,kʰɐm aː.gɔː,kʰ ɐ m + aː + g ɔː,,Bodt2019b,,,^kʰ ɐ m + aː . g ɔː$,default
KusundaK-13_tobite-1,,KusundaK,13_tobite,kʰɐm.t̪ɔː,kʰɐm.t̪ɔː,kʰ ɐ m + t̪ ɔː,,Bodt2019b,,,^kʰ ɐ m . t̪ ɔː$,default
ProtoKusunda-13_tobite-1,,ProtoKusunda,13_tobite,kʰɐm,kʰɐm,kʰ ɐ m,,Bodt2019b,,,^kʰ ɐ m$,default
KusundaGM-14_black-1,,KusundaGM,14_black,sɔk.sɔk.gaː.rɐm sɔk.sɔk.di,sɔk.sɔk.gaː.rɐm,s ɔ k + s ɔ k + g aː + r ɐ m,,Bodt2019b,,,^s ɔ k . s ɔ k . g aː . r ɐ m$,default
KusundaK-14_black-1,,KusundaK,14_black,sɔk.sɔk.di sɔk.sɔk.gɔ.rɔm,sɔk.sɔk.di,s ɔ k + s ɔ k + d i,,Bodt2019b,,,^s ɔ k . s ɔ k . d i$,default
ProtoKusunda-14_black-1,,ProtoKusunda,14_black,sok.sok,sok.sok,s o k + s o k,,Bodt2019b,,,^s o k . s o k$,default
KusundaGM-15_theblood-1,,KusundaGM,15_theblood,lɐ.paː,lɐ.paː,l ɐ + p aː,,Bodt2019b,,,^l ɐ . p aː$,default
KusundaK-15_theblood-1,,KusundaK,15_theblood,lɐ.paː,lɐ.paː,l ɐ + p aː,,Bodt2019b,,,^l ɐ . p aː$,default
ProtoKusunda-15_theblood-1,,ProtoKusunda,15_theblood,lɐ.pa,lɐ.pa,l ɐ + p a,,Bodt2019b,,,^l ɐ . p a$,default
KusundaGM-16_toblowofwind-1,,KusundaGM,16_toblowofwind,qɐj uː.gun,qɐj uː.gun,q ɐ j + uː + g u n,,Bodt2019b,,,^q ɐ j + uː . g u n$,default
KusundaK-16_toblowofwind-1,,KusundaK,16_toblowofwind,qɐj,qɐj,q ɐ j,,Bodt2019b,,,^q ɐ j$,default
ProtoKusunda-16_toblowofwind-1,,ProtoKusunda,16_toblowofwind,qɐj u,qɐj u,q ɐ j + u,,Bodt2019b,,,^q ɐ j + u$,default
KusundaGM-17_thebodyhairhairorfur-1,,KusundaGM,17_thebodyhairhairorfur,i.pi giː,i.pi giː,i + p i + g iː,,Bodt2019b,,,^i . p i + g iː$,default
KusundaK-17_thebodyhairhairorfur-1,,KusundaK,17_thebodyhairhairorfur,giː,giː,g iː,,Bodt2019b,,,^g iː$,default
ProtoKusunda-17_thebodyhairhairorfur-1,,ProtoKusunda,17_thebodyhairhairorfur,gi,gi,g i,,Bodt2019b,,,^g i$,default
KusundaGM-18_thebone-1,,KusundaGM,18_thebone,gu.huː,gu.huː,g u + h uː,,Bodt2019b,,,^g u . h uː$,default
KusundaK-18_thebone-1,,KusundaK,18_thebone,gu.uː,gu.uː,g u + uː,,Bodt2019b,,,^g u . uː$,default
ProtoKusunda-18_thebone-1,,ProtoKusunda,18_thebone,gu.hu,gu.hu,g u + h u,,Bodt2019b,,,^g u . h u$,default
KusundaGM-19_thebranch-1,,KusundaGM,19_thebranch,iː ɔ.mɔχ,iː ɔ.mɔχ,iː + ɔ + m ɔ χ,,Bodt2019b,,,^iː + ɔ . m ɔ χ$,default
KusundaK-19_thebranch-1,,KusundaK,19_thebranch,ɔ.mɔq,ɔ.mɔq,ɔ + m ɔ q,,Bodt2019b,,,^ɔ . m ɔ q$,default
ProtoKusunda-19_thebranch-1,,ProtoKusunda,19_thebranch,ji o.moq,ji o.moq,j i + o + m o q,,Bodt2019b,,,^j i + o . m o q$,default
KusundaGM-20_thebreastfemale-1,,KusundaGM,20_thebreastfemale,ɐm.buː,ɐm.buː,ɐ m + b uː,,Bodt2019b,,,^ɐ m . b uː$,default
KusundaK-20_thebreastfemale-1,,KusundaK,20_thebreastfemale,ɐm.buː,ɐm.buː,ɐ m + b uː,,Bodt2019b,,,^ɐ m . b uː$,default
ProtoKusunda-20_thebreastfemale-1,,ProtoKusunda,20_thebreastfemale,ɐm.bu,ɐm.bu,ɐ m + b u,,Bodt2019b,,,^ɐ m . b u$,default
KusundaGM-21_toburnintransitive-1,,KusundaGM,21_toburnintransitive,huŋ aː.gɔː,huŋ aː.gɔː,h u ŋ + aː + g ɔː,,Bodt2019b,,,^h u ŋ + aː . g ɔː$,default
KusundaK-21_toburnintransitive-1,,KusundaK,21_toburnintransitive,hũː.nu,hũː.nu,h ũː + n u,,Bodt2019b,,,^h ũː . n u$,default
ProtoKusunda-21_toburnintransitive-1,,ProtoKusunda,21_toburnintransitive,huɴ,huɴ,h u ɴ,,Bodt2019b,,,^h u ɴ$,default
KusundaGM-22_tobuy-1,,KusundaGM,22_tobuy,ʣaː aː.gɔː,ʣaː aː.gɔː,dz aː + aː + g ɔː,,Bodt2019b,,,^ʣ aː + aː . g ɔː$,default
KusundaK-22_tobuy-1,,KusundaK,22_tobuy,ʤɐk ɐ.gɔː,ʤɐk ɐ.gɔː,dʒ ɐ k + ɐ + g ɔː,,Bodt2019b,,,^ʤ ɐ k + ɐ . g ɔː$,default
ProtoKusunda-22_tobuy-1,,ProtoKusunda,22_tobuy,ʣɐk,ʣɐk,dz ɐ k,,Bodt2019b,,,^ʣ ɐ k$,default
KusundaK-23_tochew-1,,KusundaK,23_tochew,kʰɐm.kʰɐm ɐ.gɔː kʰɐm ɐ.gɔː,kʰɐm.kʰɐm ɐ.gɔː,kʰ ɐ m + kʰ ɐ m + ɐ + g ɔː,,Bodt2019b,,,^kʰ ɐ m . kʰ ɐ m + ɐ . g ɔː$,default
KusundaGM-24_thechildyounghuman-1,,KusundaGM,24_thechildyounghuman,gə.ʦʰeː,gə.ʦʰeː,g ə + tsʰ eː,,Bodt2019b,,,^g ə . ʦʰ eː$,default
KusundaK-24_thechildyounghuman-1,,KusundaK,24_thechildyounghuman,gə.ʧeː,gə.ʧeː,g ə + tʃ eː,,Bodt2019b,,,^g ə . ʧ eː$,default
ProtoKusunda-24_thechildyounghuman-1,,ProtoKusunda,24_thechildyounghuman,gə.ʦeː,gə.ʦeː,g ə + ts eː,,Bodt2019b,,,^g ə . ʦ eː$,default
KusundaGM-25_thecloud-1,,KusundaGM,25_thecloud,bɐm,bɐm,b ɐ m,,Bodt2019b,,,^b ɐ m$,default
KusundaK-25_thecloud-1,,KusundaK,25_thecloud,bɐm,bɐm,b ɐ m,,Bodt2019b,,,^b ɐ m$,default
ProtoKusunda-25_thecloud-1,,ProtoKusunda,25_thecloud,bɐm,bɐm,b ɐ m,,Bodt2019b,,,^b ɐ m$,default
KusundaGM-26_coldoftemperature-1,,KusundaGM,26_coldoftemperature,jɐ.kʰɐw,jɐ.kʰɐw,j ɐ + kʰ ɐ w,,Bodt2019b,,,^j ɐ . kʰ ɐ w$,default
KusundaK-26_coldoftemperature-1,,KusundaK,26_coldoftemperature,jɐ.ɐ̰w,jɐ.ɐ̰w,j ɐ + ɐ̰ w,,Bodt2019b,,,^j ɐ . ɐ̰ w$,default
ProtoKusunda-26_coldoftemperature-1,,ProtoKusunda,26_coldoftemperature,jɐ.ɢɐw,jɐ.ɢɐw,j ɐ + ɢ ɐ w,,Bodt2019b,,,^j ɐ . ɢ ɐ w$,default
KusundaGM-27_tocome-1,,KusundaGM,27_tocome,ɐ.gaː,ɐ.gaː,ɐ + g aː,,Bodt2019b,,,^ɐ . g aː$,default
KusundaK-27_tocome-1,,KusundaK,27_tocome,ɐ.gaː,ɐ.gaː,ɐ + g aː,,Bodt2019b,,,^ɐ . g aː$,default
ProtoKusunda-27_tocome-1,,ProtoKusunda,27_tocome,u,u,u,,Bodt2019b,,,^u$,default
KusundaGM-28_correctright-1,,KusundaGM,28_correctright,weːj ~ wɛn,weːj,w eː j,,Bodt2019b,,,^w eː j$,default
KusundaK-28_correctright-1,,KusundaK,28_correctright,wɛːn ~ ɔː.wɛn ~ ɔː.wən,wɛːn,w ɛː n,,Bodt2019b,,,^w ɛː n$,default
ProtoKusunda-28_correctright-1,,ProtoKusunda,28_correctright,wen,wen,w e n,,Bodt2019b,,,^w e n$,default
KusundaGM-29_tocount-1,,KusundaGM,29_tocount,pim.baː aː.gɔː,pim.baː aː.gɔː,p i m + b aː + aː + g ɔː,,Bodt2019b,,,^p i m . b aː + aː . g ɔː$,default
KusundaK-29_tocount-1,,KusundaK,29_tocount,pim.baː ɐ.gɔː,pim.baː ɐ.gɔː,p i m + b aː + ɐ + g ɔː,,Bodt2019b,,,^p i m . b aː + ɐ . g ɔː$,default
ProtoKusunda-29_tocount-1,,ProtoKusunda,29_tocount,pim.ba,pim.ba,p i m + b a,,Bodt2019b,,,^p i m . b a$,default
KusundaGM-30_tocryweep-1,,KusundaGM,30_tocryweep,ʣɐm.tɔː,ʣɐm.tɔː,dz ɐ m + t ɔː,,Bodt2019b,,,^ʣ ɐ m . t ɔː$,default
KusundaK-30_tocryweep-1,,KusundaK,30_tocryweep,ʤʰɐ.mɔː ~ ʣʰɐ.mɔː,ʤʰɐ.mɔː,dʒʰ ɐ + m ɔː,,Bodt2019b,,,^ʤʰ ɐ . m ɔː$,default
ProtoKusunda-30_tocryweep-1,,ProtoKusunda,30_tocryweep,ʣʰɐm,ʣʰɐm,dzʰ ɐ m,,Bodt2019b,,,^ʣʰ ɐ m$,default
KusundaGM-31_dark-1,,KusundaGM,31_dark,dɐŋ.bwaː,dɐŋ.bwaː,d ɐ ŋ + b w aː,,Bodt2019b,,,^d ɐ ŋ . bw aː$,default
KusundaK-31_dark-1,,KusundaK,31_dark,ĩːŋ.ɐ̪.aw,ĩːŋ.ɐ̪.aw,ĩː ŋ + ɐ̰ + a w,,Bodt2019b,,,^ĩː ŋ . ɐ̪ . a w$,default
KusundaGM-32_thedaughter-1,,KusundaGM,32_thedaughter,niŋ gə.ʦʰeː,niŋ gə.ʦʰeː,n i ŋ + g ə + tsʰ eː,,Bodt2019b,,,^n i ŋ + g ə . ʦʰ eː$,default
KusundaK-32_thedaughter-1,,KusundaK,32_thedaughter,niŋ.ʧiː,niŋ.ʧiː,n i ŋ + tʃ iː,,Bodt2019b,,,^n i ŋ . ʧ iː$,default
ProtoKusunda-32_thedaughter-1,,ProtoKusunda,32_thedaughter,niŋ gə.ʦeː,niŋ gə.ʦeː,n i ŋ + g ə + ts eː,,Bodt2019b,,,^n i ŋ + g ə . ʦ eː$,default
KusundaK-33_thedew-1,,KusundaK,33_thedew,ʤʲun t̪ɐŋ,ʤʲun t̪ɐŋ,dʒʲ u n + t̪ ɐ ŋ,,Bodt2019b,,,^ʤʲ u n + t̪ ɐ ŋ$,default
KusundaGM-34_todie-1,,KusundaGM,34_todie,ɔk.d̪aː,ɔk.d̪aː,ɔ k + d̪ aː,,Bodt2019b,,,^ɔ k . d̪ aː$,default
KusundaK-34_todie-1,,KusundaK,34_todie,ɔ̰.d̪aː,ɔ̰.d̪aː,ɔ̰ + d̪ aː,,Bodt2019b,,,^ɔ̰ . d̪ aː$,default
ProtoKusunda-34_todie-1,,ProtoKusunda,34_todie,oɢ.da,oɢ.da,o ɢ + d a,,Bodt2019b,,,^o ɢ . d a$,default
KusundaGM-35_todig-1,,KusundaGM,35_todig,mʲɛk.tɔː,mʲɛk.tɔː,mʲ ɛ k + t ɔː,,Bodt2019b,,,^mʲ ɛ k . t ɔː$,default
KusundaK-35_todig-1,,KusundaK,35_todig,mʲɛk ɐ.gɔː,mʲɛk ɐ.gɔː,mʲ ɛ k + ɐ + g ɔː,,Bodt2019b,,,^mʲ ɛ k + ɐ . g ɔː$,default
ProtoKusunda-35_todig-1,,ProtoKusunda,35_todig,mek,mek,m e k,,Bodt2019b,,,^m e k$,default
KusundaGM-36_dirty-1,,KusundaGM,36_dirty,huj.gɐn,huj.gɐn,h u j + g ɐ n,,Bodt2019b,,,^h u j . g ɐ n$,default
KusundaK-36_dirty-1,,KusundaK,36_dirty,huj.gɐn,huj.gɐn,h u j + g ɐ n,,Bodt2019b,,,^h u j . g ɐ n$,default
ProtoKusunda-36_dirty-1,,ProtoKusunda,36_dirty,hu.ji.gɐn,hu.ji.gɐn,h u + j i + g ɐ n,,Bodt2019b,,,^h u . j i . g ɐ n$,default
KusundaGM-37_thedog-1,,KusundaGM,37_thedog,ɐ.gəj,ɐ.gəj,ɐ + g ə j,,Bodt2019b,,,^ɐ . g ə j$,default
KusundaK-37_thedog-1,,KusundaK,37_thedog,ɐ.gəj,ɐ.gəj,ɐ + g ə j,,Bodt2019b,,,^ɐ . g ə j$,default
ProtoKusunda-37_thedog-1,,ProtoKusunda,37_thedog,ɐ.gəj,ɐ.gəj,ɐ + g ə j,,Bodt2019b,,,^ɐ . g ə j$,default
KusundaGM-38_thedream-1,,KusundaGM,38_thedream,maːχ,maːχ,m aː χ,,Bodt2019b,,,^m aː χ$,default
KusundaK-38_thedream-1,,KusundaK,38_thedream,maːq,maːq,m aː q,,Bodt2019b,,,^m aː q$,default
ProtoKusunda-38_thedream-1,,ProtoKusunda,38_thedream,maq,maq,m a q,,Bodt2019b,,,^m a q$,default
KusundaGM-39_todrink-1,,KusundaGM,39_todrink,qɔn,qɔn,q ɔ n,,Bodt2019b,,,^q ɔ n$,default
KusundaK-39_todrink-1,,KusundaK,39_todrink,qɔːn ɐ.gɔː,qɔːn ɐ.gɔː,q ɔː n + ɐ + g ɔː,,Bodt2019b,,,^q ɔː n + ɐ . g ɔː$,default
ProtoKusunda-39_todrink-1,,ProtoKusunda,39_todrink,qɔn,qɔn,q ɔ n,,Bodt2019b,,,^q ɔ n$,default
KusundaGM-40_dry-1,,KusundaGM,40_dry,qɐj.gən,qɐj.gən,q ɐ j + g ə n,,Bodt2019b,,,^q ɐ j . g ə n$,default
KusundaK-40_dry-1,,KusundaK,40_dry,qɐj.ʤiː,qɐj.ʤiː,q ɐ j + dʒ iː,,Bodt2019b,,,^q ɐ j . ʤ iː$,default
ProtoKusunda-40_dry-1,,ProtoKusunda,40_dry,qɐj,qɐj,q ɐ j,,Bodt2019b,,,^q ɐ j$,default
KusundaK-41_thedust-1,,KusundaK,41_thedust,huj,huj,h u j,,Bodt2019b,,,^h u j$,default
ProtoKusunda-41_thedust-1,,ProtoKusunda,41_thedust,hu.ji,hu.ji,h u + j i,,Bodt2019b,,,^h u . j i$,default
KusundaGM-42_theear-1,,KusundaGM,42_theear,jəw,jəw,j ə w,,Bodt2019b,,,^j ə w$,default
KusundaK-42_theear-1,,KusundaK,42_theear,jəw,jəw,j ə w,,Bodt2019b,,,^j ə w$,default
ProtoKusunda-42_theear-1,,ProtoKusunda,42_theear,jəw,jəw,j ə w,,Bodt2019b,,,^j ə w$,default
KusundaGM-43_early-1,,KusundaGM,43_early,si.baː,si.baː,s i + b aː,,Bodt2019b,,,^s i . b aː$,default
KusundaK-43_early-1,,KusundaK,43_early,si.baː,si.baː,s i + b aː,,Bodt2019b,,,^s i . b aː$,default
ProtoKusunda-43_early-1,,ProtoKusunda,43_early,si.ba,si.ba,s i + b a,,Bodt2019b,,,^s i . b a$,default
KusundaGM-44_theearthsoil-1,,KusundaGM,44_theearthsoil,d̪um,d̪um,d̪ u m,,Bodt2019b,,,^d̪ u m$,default
KusundaK-44_theearthsoil-1,,KusundaK,44_theearthsoil,d̪um,d̪um,d̪ u m,,Bodt2019b,,,^d̪ u m$,default
ProtoKusunda-44_theearthsoil-1,,ProtoKusunda,44_theearthsoil,dum,dum,d u m,,Bodt2019b,,,^d u m$,default
KusundaGM-45_theearthworm-1,,KusundaGM,45_theearthworm,aj.niː,aj.niː,a j + n iː,,Bodt2019b,,,^a j . n iː$,default
KusundaK-45_theearthworm-1,,KusundaK,45_theearthworm,əj.niː,əj.niː,ə j + n iː,,Bodt2019b,,,^ə j . n iː$,default
ProtoKusunda-45_theearthworm-1,,ProtoKusunda,45_theearthworm,aj.ni,aj.ni,a j + n i,,Bodt2019b,,,^a j . n i$,default
KusundaGM-46_toeat-1,,KusundaGM,46_toeat,ɐm,ɐm,ɐ m,,Bodt2019b,,,^ɐ m$,default
KusundaK-46_toeat-1,,KusundaK,46_toeat,ɐm ɐ.gɔː,ɐm ɐ.gɔː,ɐ m + ɐ + g ɔː,,Bodt2019b,,,^ɐ m + ɐ . g ɔː$,default
ProtoKusunda-46_toeat-1,,ProtoKusunda,46_toeat,ɐm,ɐm,ɐ m,,Bodt2019b,,,^ɐ m$,default
KusundaGM-47_theegg-1,,KusundaGM,47_theegg,gwaː,gwaː,g w aː,,Bodt2019b,,,^gw aː$,default
KusundaK-47_theegg-1,,KusundaK,47_theegg,gwaː,gwaː,g w aː,,Bodt2019b,,,^gw aː$,default
ProtoKusunda-47_theegg-1,,ProtoKusunda,47_theegg,gwa,gwa,g w a,,Bodt2019b,,,^gw a$,default
KusundaGM-48_eight-1,,KusundaGM,48_eight,aːt̪,aːt̪,aː t̪,,Bodt2019b,,,^aː t̪$,default
KusundaK-48_eight-1,,KusundaK,48_eight,aːt̪,aːt̪,aː t̪,,Bodt2019b,,,^aː t̪$,default
ProtoKusunda-48_eight-1,,ProtoKusunda,48_eight,at,at,a t,,Bodt2019b,,,^a t$,default
KusundaGM-49_theeye-1,,KusundaGM,49_theeye,i.nəŋ,i.nəŋ,i + n ə ŋ,,Bodt2019b,,,^i . n ə ŋ$,default
KusundaK-49_theeye-1,,KusundaK,49_theeye,iːŋ,iːŋ,iː ŋ,,Bodt2019b,,,^iː ŋ$,default
ProtoKusunda-49_theeye-1,,ProtoKusunda,49_theeye,i.nəŋ,i.nəŋ,i + n ə ŋ,,Bodt2019b,,,^i . n ə ŋ$,default
KusundaGM-50_far-1,,KusundaGM,50_far,hun.tɔw,hun.tɔw,h u n + t ɔ w,,Bodt2019b,,,^h u n . t ɔ w$,default
KusundaK-50_far-1,,KusundaK,50_far,hun.tuː,hun.tuː,h u n + t uː,,Bodt2019b,,,^h u n . t uː$,default
ProtoKusunda-50_far-1,,ProtoKusunda,50_far,hun.tow,hun.tow,h u n + t o w,,Bodt2019b,,,^h u n . t o w$,default
KusundaGM-51_thefather-1,,KusundaGM,51_thefather,jɛj,jɛj,j ɛ j,,Bodt2019b,,,^j ɛ j$,default
KusundaK-51_thefather-1,,KusundaK,51_thefather,jɛj,jɛj,j ɛ j,,Bodt2019b,,,^j ɛ j$,default
ProtoKusunda-51_thefather-1,,ProtoKusunda,51_thefather,jej,jej,j e j,,Bodt2019b,,,^j e j$,default
KusundaGM-52_thefeather-1,,KusundaGM,52_thefeather,ɐ.hun,ɐ.hun,ɐ + h u n,,Bodt2019b,,,^ɐ . h u n$,default
KusundaK-52_thefeather-1,,KusundaK,52_thefeather,ɐ.ɦun,ɐ.ɦun,ɐ + ɦ u n,,Bodt2019b,,,^ɐ . ɦ u n$,default
ProtoKusunda-52_thefeather-1,,ProtoKusunda,52_thefeather,ɐ.hun,ɐ.hun,ɐ + h u n,,Bodt2019b,,,^ɐ . h u n$,default
KusundaGM-53_tofight-1,,KusundaGM,53_tofight,li.muː aː.gɔː,li.muː aː.gɔː,l i + m uː + aː + g ɔː,,Bodt2019b,,,^l i . m uː + aː . g ɔː$,default
KusundaK-53_tofight-1,,KusundaK,53_tofight,li.muː ɐ.tɔː,li.muː ɐ.tɔː,l i + m uː + ɐ + t ɔː,,Bodt2019b,,,^l i . m uː + ɐ . t ɔː$,default
ProtoKusunda-53_tofight-1,,ProtoKusunda,53_tofight,li.mu,li.mu,l i + m u,,Bodt2019b,,,^l i . m u$,default
KusundaGM-54_thefire-1,,KusundaGM,54_thefire,ʣaː,ʣaː,dz aː,,Bodt2019b,,,^ʣ aː$,default
KusundaK-54_thefire-1,,KusundaK,54_thefire,ʤaː,ʤaː,dʒ aː,,Bodt2019b,,,^ʤ aː$,default
ProtoKusunda-54_thefire-1,,ProtoKusunda,54_thefire,ʣa,ʣa,dz a,,Bodt2019b,,,^ʣ a$,default
KusundaGM-55_firewood-1,,KusundaGM,55_firewood,d̪ɐ.ʤiː,d̪ɐ.ʤiː,d̪ ɐ + dʒ iː,,Bodt2019b,,,^d̪ ɐ . ʤ iː$,default
KusundaK-55_firewood-1,,KusundaK,55_firewood,d̪əj.ʤiː,d̪əj.ʤiː,d̪ ə j + dʒ iː,,Bodt2019b,,,^d̪ ə j . ʤ iː$,default
ProtoKusunda-55_firewood-1,,ProtoKusunda,55_firewood,dəj.ʣi,dəj.ʣi,d ə j + dz i,,Bodt2019b,,,^d ə j . ʣ i$,default
KusundaGM-56_thefish-1,,KusundaGM,56_thefish,nɔ.saː,nɔ.saː,n ɔ + s aː,,Bodt2019b,,,^n ɔ . s aː$,default
KusundaK-56_thefish-1,,KusundaK,56_thefish,nɐ.saː,nɐ.saː,n ɐ + s aː,,Bodt2019b,,,^n ɐ . s aː$,default
ProtoKusunda-56_thefish-1,,ProtoKusunda,56_thefish,nɐ.sa,nɐ.sa,n ɐ + s a,,Bodt2019b,,,^n ɐ . s a$,default
KusundaGM-57_five-1,,KusundaGM,57_five,paː.gu,paː.gu,p aː + g u,,Bodt2019b,,,^p aː . g u$,default
KusundaK-57_five-1,,KusundaK,57_five,paː.gɔː,paː.gɔː,p aː + g ɔː,,Bodt2019b,,,^p aː . g ɔː$,default
ProtoKusunda-57_five-1,,ProtoKusunda,57_five,pa.gu,pa.gu,p a + g u,,Bodt2019b,,,^p a . g u$,default
KusundaGM-58_theflea-1,,KusundaGM,58_theflea,bul.ʦʰum,bul.ʦʰum,b u l + tsʰ u m,,Bodt2019b,,,^b u l . ʦʰ u m$,default
KusundaK-58_theflea-1,,KusundaK,58_theflea,bul.ʦʰum,bul.ʦʰum,b u l + tsʰ u m,,Bodt2019b,,,^b u l . ʦʰ u m$,default
ProtoKusunda-58_theflea-1,,ProtoKusunda,58_theflea,bul.ʦʰum,bul.ʦʰum,b u l + tsʰ u m,,Bodt2019b,,,^b u l . ʦʰ u m$,default
KusundaK-60_toflow-1,,KusundaK,60_toflow,t̪aŋ d̪aː,t̪aŋ d̪aː,t̪ a ŋ + d̪ aː,,Bodt2019b,,,^t̪ a ŋ + d̪ aː$,default
KusundaGM-61_theflower-1,,KusundaGM,61_theflower,geː.paːn,geː.paːn,g eː + p aː n,,Bodt2019b,,,^g eː . p aː n$,default
KusundaK-61_theflower-1,,KusundaK,61_theflower,geː.pa̰ːn,geː.pa̰ːn,g eː + p a̰ː n,,Bodt2019b,,,^g eː . p a̰ː n$,default
ProtoKusunda-61_theflower-1,,ProtoKusunda,61_theflower,ge.pan,ge.pan,g e + p a n,,Bodt2019b,,,^g e . p a n$,default
KusundaGM-62_toflymovethroughair-1,,KusundaGM,62_toflymovethroughair,huː.t̪ɔː,huː.t̪ɔː,h uː + t̪ ɔː,,Bodt2019b,,,^h uː . t̪ ɔː$,default
KusundaK-62_toflymovethroughair-1,,KusundaK,62_toflymovethroughair,huː.t̪ɔ,huː.t̪ɔ,h uː + t̪ ɔ,,Bodt2019b,,,^h uː . t̪ ɔ$,default
ProtoKusunda-62_toflymovethroughair-1,,ProtoKusunda,62_toflymovethroughair,hu,hu,h u,,Bodt2019b,,,^h u$,default
KusundaGM-64_thefoot-1,,KusundaGM,64_thefoot,jɛn,jɛn,j ɛ n,,Bodt2019b,,,^j ɛ n$,default
KusundaK-64_thefoot-1,,KusundaK,64_thefoot,jɛn,jɛn,j ɛ n,,Bodt2019b,,,^j ɛ n$,default
ProtoKusunda-64_thefoot-1,,ProtoKusunda,64_thefoot,jen,jen,j e n,,Bodt2019b,,,^j e n$,default
KusundaGM-65_theforest-1,,KusundaGM,65_theforest,gi.lɐŋ,gi.lɐŋ,g i + l ɐ ŋ,,Bodt2019b,,,^g i . l ɐ ŋ$,default
KusundaK-65_theforest-1,,KusundaK,65_theforest,gi.lɐŋ,gi.lɐŋ,g i + l ɐ ŋ,,Bodt2019b,,,^g i . l ɐ ŋ$,default
ProtoKusunda-65_theforest-1,,ProtoKusunda,65_theforest,gi.lɐŋ,gi.lɐŋ,g i + l ɐ ŋ,,Bodt2019b,,,^g i . l ɐ ŋ$,default
KusundaGM-66_toforget-1,,KusundaGM,66_toforget,mi aː.gɔː,mi aː.gɔː,m i + aː + g ɔː,,Bodt2019b,,,^m i + aː . g ɔː$,default
KusundaK-66_toforget-1,,KusundaK,66_toforget,miː ɐ.gɔː,miː ɐ.gɔː,m iː + ɐ + g ɔː,,Bodt2019b,,,^m iː + ɐ . g ɔː$,default
ProtoKusunda-66_toforget-1,,ProtoKusunda,66_toforget,mi,mi,m i,,Bodt2019b,,,^m i$,default
KusundaGM-67_four-1,,KusundaGM,67_four,piː.guː,piː.guː,p iː + g uː,,Bodt2019b,,,^p iː . g uː$,default
KusundaK-67_four-1,,KusundaK,67_four,piː.guː,piː.guː,p iː + g uː,,Bodt2019b,,,^p iː . g uː$,default
ProtoKusunda-67_four-1,,ProtoKusunda,67_four,pi.gu,pi.gu,p i + g u,,Bodt2019b,,,^p i . g u$,default
KusundaGM-68_thefox-1,,KusundaGM,68_thefox,qaː.wəj,qaː.wəj,q aː + w ə j,,Bodt2019b,,,^q aː . w ə j$,default
KusundaK-68_thefox-1,,KusundaK,68_thefox,qaː.wəj,qaː.wəj,q aː + w ə j,,Bodt2019b,,,^q aː . w ə j$,default
ProtoKusunda-68_thefox-1,,ProtoKusunda,68_thefox,qa.wəj,qa.wəj,q a + w ə j,,Bodt2019b,,,^q a . w ə j$,default
KusundaGM-69_thefrog-1,,KusundaGM,69_thefrog,bɐm.luː,bɐm.luː,b ɐ m + l uː,,Bodt2019b,,,^b ɐ m . l uː$,default
KusundaK-69_thefrog-1,,KusundaK,69_thefrog,bɐm.luː,bɐm.luː,b ɐ m + l uː,,Bodt2019b,,,^b ɐ m . l uː$,default
ProtoKusunda-69_thefrog-1,,ProtoKusunda,69_thefrog,bɐm.lu,bɐm.lu,b ɐ m + l u,,Bodt2019b,,,^b ɐ m . l u$,default
KusundaGM-70_thefrontfrontside-1,,KusundaGM,70_thefrontfrontside,pin.d̪aː,pin.d̪aː,p i n + d̪ aː,,Bodt2019b,,,^p i n . d̪ aː$,default
KusundaK-70_thefrontfrontside-1,,KusundaK,70_thefrontfrontside,pin.d̪aː,pin.d̪aː,p i n + d̪ aː,,Bodt2019b,,,^p i n . d̪ aː$,default
ProtoKusunda-70_thefrontfrontside-1,,ProtoKusunda,70_thefrontfrontside,pin.da,pin.da,p i n + d a,,Bodt2019b,,,^p i n . d a$,default
KusundaGM-71_thefrost-1,,KusundaGM,71_thefrost,jaːq,jaːq,j aː q,,Bodt2019b,,,^j aː q$,default
ProtoKusunda-71_thefrost-1,,ProtoKusunda,71_thefrost,jaq,jaq,j a q,,Bodt2019b,,,^j a q$,default
KusundaGM-72_thefruit-1,,KusundaGM,72_thefruit,ʣɔŋ.ʣɐŋ,ʣɔŋ.ʣɐŋ,dz ɔ ŋ + dz ɐ ŋ,,Bodt2019b,,,^ʣ ɔ ŋ . ʣ ɐ ŋ$,default
KusundaK-72_thefruit-1,,KusundaK,72_thefruit,ʤuŋ.ʤɐŋ,ʤuŋ.ʤɐŋ,dʒ u ŋ + dʒ ɐ ŋ,,Bodt2019b,,,^ʤ u ŋ . ʤ ɐ ŋ$,default
ProtoKusunda-72_thefruit-1,,ProtoKusunda,72_thefruit,ʣoŋ.ʣɐŋ,ʣoŋ.ʣɐŋ,dz o ŋ + dz ɐ ŋ,,Bodt2019b,,,^ʣ o ŋ . ʣ ɐ ŋ$,default
KusundaGM-73_full-1,,KusundaGM,73_full,pʰi.ru.t̪ən,pʰi.ru.t̪ən,pʰ i + r u + t̪ ə n,,Bodt2019b,,,^pʰ i . r u . t̪ ə n$,default
KusundaK-73_full-1,,KusundaK,73_full,pʰi.ru.t̪.n,pʰi.ru.t̪.n,pʰ i + r u + t̪ + n,,Bodt2019b,,,^pʰ i . r u . t̪ . n$,default
ProtoKusunda-73_full-1,,ProtoKusunda,73_full,pʰi.ru.t̪.n,pʰi.ru.t̪.n,pʰ i + r u + t̪ + n,,Bodt2019b,,,^pʰ i . r u . t̪ . n$,default
KusundaGM-74_togive-1,,KusundaGM,74_togive,eː.gɔː,eː.gɔː,eː + g ɔː,,Bodt2019b,,,^eː . g ɔː$,default
KusundaK-74_togive-1,,KusundaK,74_togive,eː.guː,eː.guː,eː + g uː,,Bodt2019b,,,^eː . g uː$,default
ProtoKusunda-74_togive-1,,ProtoKusunda,74_togive,e,e,e,,Bodt2019b,,,^e$,default
KusundaGM-75_thegoat-1,,KusundaGM,75_thegoat,ɐ.ʣi.kiː,ɐ.ʣi.kiː,ɐ + dz i + k iː,,Bodt2019b,,,^ɐ . ʣ i . k iː$,default
KusundaK-75_thegoat-1,,KusundaK,75_thegoat,ɐj.ʤi.giː,ɐj.ʤi.giː,ɐ j + dʒ i + g iː,,Bodt2019b,,,^ɐ j . ʤ i . g iː$,default
ProtoKusunda-75_thegoat-1,,ProtoKusunda,75_thegoat,ɐj.ʣi.ki,ɐj.ʣi.ki,ɐ j + dz i + k i,,Bodt2019b,,,^ɐ j . ʣ i . k i$,default
KusundaGM-76_good-1,,KusundaGM,76_good,wɛːn,wɛːn,w ɛː n,,Bodt2019b,,,^w ɛː n$,default
KusundaK-76_good-1,,KusundaK,76_good,wɛːn,wɛːn,w ɛː n,,Bodt2019b,,,^w ɛː n$,default
ProtoKusunda-76_good-1,,ProtoKusunda,76_good,wen,wen,w e n,,Bodt2019b,,,^w e n$,default
KusundaGM-77_thegrass-1,,KusundaGM,77_thegrass,gaː.zi,gaː.zi,g aː + z i,,Bodt2019b,,,^g aː . z i$,default
KusundaK-77_thegrass-1,,KusundaK,77_thegrass,gʰãːs,gʰãːs,gʰ ãː s,,Bodt2019b,,,^gʰ ãː s$,default
KusundaGM-78_green-1,,KusundaGM,78_green,hɐ.rə.gun,hɐ.rə.gun,h ɐ + r ə + g u n,,Bodt2019b,,,^h ɐ . r ə . g u n$,default
KusundaK-78_green-1,,KusundaK,78_green,hɐ.rə.gun,hɐ.rə.gun,h ɐ + r ə + g u n,,Bodt2019b,,,^h ɐ . r ə . g u n$,default
ProtoKusunda-78_green-1,,ProtoKusunda,78_green,hɐ.rə.gun,hɐ.rə.gun,h ɐ + r ə + g u n,,Bodt2019b,,,^h ɐ . r ə . g u n$,default
KusundaGM-79_thehail-1,,KusundaGM,79_thehail,jaːq,jaːq,j aː q,,Bodt2019b,,,^j aː q$,default
KusundaK-79_thehail-1,,KusundaK,79_thehail,jaːq,jaːq,j aː q,,Bodt2019b,,,^j aː q$,default
ProtoKusunda-79_thehail-1,,ProtoKusunda,79_thehail,jaq,jaq,j a q,,Bodt2019b,,,^j a q$,default
KusundaGM-80_thehairofthehead-1,,KusundaGM,80_thehairofthehead,i.pi giː,i.pi giː,i + p i + g iː,,Bodt2019b,,,^i . p i + g iː$,default
KusundaK-80_thehairofthehead-1,,KusundaK,80_thehairofthehead,i.pi giː,i.pi giː,i + p i + g iː,,Bodt2019b,,,^i . p i + g iː$,default
ProtoKusunda-80_thehairofthehead-1,,ProtoKusunda,80_thehairofthehead,i.pi gi,i.pi gi,i + p i + g i,,Bodt2019b,,,^i . p i + g i$,default
KusundaGM-81_thehand-1,,KusundaGM,81_thehand,aː.wəj,aː.wəj,aː + w ə j,,Bodt2019b,,,^aː . w ə j$,default
KusundaK-81_thehand-1,,KusundaK,81_thehand,aː.wəj,aː.wəj,aː + w ə j,,Bodt2019b,,,^aː . w ə j$,default
ProtoKusunda-81_thehand-1,,ProtoKusunda,81_thehand,a.wəj,a.wəj,a + w ə j,,Bodt2019b,,,^a . w ə j$,default
KusundaGM-82_hard-1,,KusundaGM,82_hard,pɐ.sɔw,pɐ.sɔw,p ɐ + s ɔ w,,Bodt2019b,,,^p ɐ . s ɔ w$,default
KusundaK-82_hard-1,,KusundaK,82_hard,pɐ.sɔw,pɐ.sɔw,p ɐ + s ɔ w,,Bodt2019b,,,^p ɐ . s ɔ w$,default
ProtoKusunda-82_hard-1,,ProtoKusunda,82_hard,pɐ.sɔw,pɐ.sɔw,p ɐ + s ɔ w,,Bodt2019b,,,^p ɐ . s ɔ w$,default
KusundaGM-83_heorshethirdpersonsingular-1,,KusundaGM,83_heorshethirdpersonsingular,gi.naː,gi.naː,g i + n aː,,Bodt2019b,,,^g i . n aː$,default
KusundaK-83_heorshethirdpersonsingular-1,,KusundaK,83_heorshethirdpersonsingular,gi.naː,gi.naː,g i + n aː,,Bodt2019b,,,^g i . n aː$,default
ProtoKusunda-83_heorshethirdpersonsingular-1,,ProtoKusunda,83_heorshethirdpersonsingular,gi.na,gi.na,g i + n a,,Bodt2019b,,,^g i . n a$,default
KusundaGM-84_thehead-1,,KusundaGM,84_thehead,i.piː,i.piː,i + p iː,,Bodt2019b,,,^i . p iː$,default
KusundaK-84_thehead-1,,KusundaK,84_thehead,i.piː,i.piː,i + p iː,,Bodt2019b,,,^i . p iː$,default
ProtoKusunda-84_thehead-1,,ProtoKusunda,84_thehead,i.pi,i.pi,i + p i,,Bodt2019b,,,^i . p i$,default
KusundaGM-85_tohear-1,,KusundaGM,85_tohear,mɐm.bə aː.gɔː,mɐm.bə aː.gɔː,m ɐ m + b ə + aː + g ɔː,,Bodt2019b,,,^m ɐ m . b ə + aː . g ɔː$,default
KusundaK-85_tohear-1,,KusundaK,85_tohear,mɐ.bɔː,mɐ.bɔː,m ɐ + b ɔː,,Bodt2019b,,,^m ɐ . b ɔː$,default
ProtoKusunda-85_tohear-1,,ProtoKusunda,85_tohear,mɐm.bə,mɐm.bə,m ɐ m + b ə,,Bodt2019b,,,^m ɐ m . b ə$,default
KusundaGM-86_theheart-1,,KusundaGM,86_theheart,gɔ.blɔk,gɔ.blɔk,g ɔ + b l ɔ k,,Bodt2019b,,,^g ɔ . b l ɔ k$,default
KusundaK-86_theheart-1,,KusundaK,86_theheart,gɔ.blɔk,gɔ.blɔk,g ɔ + b l ɔ k,,Bodt2019b,,,^g ɔ . b l ɔ k$,default
ProtoKusunda-86_theheart-1,,ProtoKusunda,86_theheart,gɔ.blɔk,gɔ.blɔk,g ɔ + b l ɔ k,,Bodt2019b,,,^g ɔ . b l ɔ k$,default
KusundaGM-87_heavy-1,,KusundaGM,87_heavy,liŋ.waː,liŋ.waː,l i ŋ + w aː,,Bodt2019b,,,^l i ŋ . w aː$,default
KusundaK-87_heavy-1,,KusundaK,87_heavy,liŋ.waː,liŋ.waː,l i ŋ + w aː,,Bodt2019b,,,^l i ŋ . w aː$,default
ProtoKusunda-87_heavy-1,,ProtoKusunda,87_heavy,liŋ.wa,liŋ.wa,l i ŋ + w a,,Bodt2019b,,,^l i ŋ . w a$,default
KusundaGM-88_here-1,,KusundaGM,88_here,t̪əj.saː,t̪əj.saː,t̪ ə j + s aː,,Bodt2019b,,,^t̪ ə j . s aː$,default
KusundaK-88_here-1,,KusundaK,88_here,t̪əj.saː,t̪əj.saː,t̪ ə j + s aː,,Bodt2019b,,,^t̪ ə j . s aː$,default
ProtoKusunda-88_here-1,,ProtoKusunda,88_here,təj.sa,təj.sa,t ə j + s a,,Bodt2019b,,,^t ə j . s a$,default
KusundaGM-89_tohideconceal-1,,KusundaGM,89_tohideconceal,hʲɔk aː.goː,hʲɔk aː.goː,hʲ ɔ k + aː + g oː,,Bodt2019b,,,^hʲ ɔ k + aː . g oː$,default
KusundaK-89_tohideconceal-1,,KusundaK,89_tohideconceal,hʲɐq ɐ.gɔː,hʲɐq ɐ.gɔː,hʲ ɐ q + ɐ + g ɔː,,Bodt2019b,,,^hʲ ɐ q + ɐ . g ɔː$,default
ProtoKusunda-89_tohideconceal-1,,ProtoKusunda,89_tohideconceal,hʲɔq,hʲɔq,hʲ ɔ q,,Bodt2019b,,,^hʲ ɔ q$,default
KusundaGM-90_hightall-1,,KusundaGM,90_hightall,gʰɔχ.baː,gʰɔχ.baː,gʰ ɔ χ + b aː,,Bodt2019b,,,^gʰ ɔ χ . b aː$,default
KusundaK-90_hightall-1,,KusundaK,90_hightall,gʰɔp.baː,gʰɔp.baː,gʰ ɔ p + b aː,,Bodt2019b,,,^gʰ ɔ p . b aː$,default
ProtoKusunda-90_hightall-1,,ProtoKusunda,90_hightall,gʰop.ba,gʰop.ba,gʰ o p + b a,,Bodt2019b,,,^gʰ o p . b a$,default
KusundaGM-91_tohold-1,,KusundaGM,91_tohold,si aː.goː,si aː.goː,s i + aː + g oː,,Bodt2019b,,,^s i + aː . g oː$,default
KusundaK-91_tohold-1,,KusundaK,91_tohold,siː ɐ.gɔː,siː ɐ.gɔː,s iː + ɐ + g ɔː,,Bodt2019b,,,^s iː + ɐ . g ɔː$,default
ProtoKusunda-91_tohold-1,,ProtoKusunda,91_tohold,siː,siː,s iː,,Bodt2019b,,,^s iː$,default
KusundaGM-94_thehornkeratinizedskin-1,,KusundaGM,94_thehornkeratinizedskin,i.pi gi.ʣəŋ,i.pi gi.ʣəŋ,i + p i + g i + dz ə ŋ,,Bodt2019b,,,^i . p i + g i . ʣ ə ŋ$,default
KusundaGM-95_thehorse-1,,KusundaGM,95_thehorse,pʰʲɛk.sɐm,pʰʲɛk.sɐm,pʰʲ ɛ k + s ɐ m,,Bodt2019b,,,^pʰʲ ɛ k . s ɐ m$,default
KusundaK-95_thehorse-1,,KusundaK,95_thehorse,pʰʲɛk.sɐm,pʰʲɛk.sɐm,pʰʲ ɛ k + s ɐ m,,Bodt2019b,,,^pʰʲ ɛ k . s ɐ m$,default
ProtoKusunda-95_thehorse-1,,ProtoKusunda,95_thehorse,pʰek.sɐm,pʰek.sɐm,pʰ e k + s ɐ m,,Bodt2019b,,,^pʰ e k . s ɐ m$,default
KusundaGM-96_hot-1,,KusundaGM,96_hot,gɐ.rɐw,gɐ.rɐw,g ɐ + r ɐ w,,Bodt2019b,,,^g ɐ . r ɐ w$,default
KusundaK-96_hot-1,,KusundaK,96_hot,gʰɐ.rɔw,gʰɐ.rɔw,gʰ ɐ + r ɔ w,,Bodt2019b,,,^gʰ ɐ . r ɔ w$,default
ProtoKusunda-96_hot-1,,ProtoKusunda,96_hot,gʰɐ.rɐw,gʰɐ.rɐw,gʰ ɐ + r ɐ w,,Bodt2019b,,,^gʰ ɐ . r ɐ w$,default
KusundaGM-97_thehouse-1,,KusundaGM,97_thehouse,wu.hiː,wu.hiː,w u + h iː,,Bodt2019b,,,^w u . h iː$,default
KusundaK-97_thehouse-1,,KusundaK,97_thehouse,wu.hiː,wu.hiː,w u + h iː,,Bodt2019b,,,^w u . h iː$,default
ProtoKusunda-97_thehouse-1,,ProtoKusunda,97_thehouse,wu.hi,wu.hi,w u + h i,,Bodt2019b,,,^w u . h i$,default
KusundaGM-98_hundred-1,,KusundaGM,98_hundred,səj,səj,s ə j,,Bodt2019b,,,^s ə j$,default
KusundaK-98_hundred-1,,KusundaK,98_hundred,pãː.gu bi.sa sɐj ɛk,sɐj,s ɐ j,,Bodt2019b,,,^s ɐ j$,default
ProtoKusunda-98_hundred-1,,ProtoKusunda,98_hundred,sɐj,sɐj,s ɐ j,,Bodt2019b,,,^s ɐ j$,default
KusundaGM-99_tohunt-1,,KusundaGM,99_tohunt,pɐ.d̪ən aː.gɔː,pɐ.d̪ən aː.gɔː,p ɐ + d̪ ə n + aː + g ɔː,,Bodt2019b,,,^p ɐ . d̪ ə n + aː . g ɔː$,default
KusundaK-99_tohunt-1,,KusundaK,99_tohunt,ɐm.baː pɐ.d̪ə ɐ.gɔː,ɐm.baː pɐ.d̪ə ɐ.gɔː,ɐ m + b aː + p ɐ + d̪ ə + ɐ + g ɔː,,Bodt2019b,,,^ɐ m . b aː + p ɐ . d̪ ə + ɐ . g ɔː$,default
ProtoKusunda-99_tohunt-1,,ProtoKusunda,99_tohunt,pɐ.də,pɐ.də,p ɐ + d ə,,Bodt2019b,,,^p ɐ . d ə$,default
KusundaGM-100_thehusband-1,,KusundaGM,100_thehusband,d̪u.hi,d̪u.hi,d̪ u + h i,,Bodt2019b,,,^d̪ u . h i$,default
KusundaK-100_thehusband-1,,KusundaK,100_thehusband,d̪u.hiː,d̪u.hiː,d̪ u + h iː,,Bodt2019b,,,^d̪ u . h iː$,default
ProtoKusunda-100_thehusband-1,,ProtoKusunda,100_thehusband,du.hi,du.hi,d u + h i,,Bodt2019b,,,^d u . h i$,default
KusundaGM-101_ifirstpersonsingular-1,,KusundaGM,101_ifirstpersonsingular,ʦi,ʦi,ts i,,Bodt2019b,,,^ʦ i$,default
KusundaK-101_ifirstpersonsingular-1,,KusundaK,101_ifirstpersonsingular,ʧiː,ʧiː,tʃ iː,,Bodt2019b,,,^ʧ iː$,default
ProtoKusunda-101_ifirstpersonsingular-1,,ProtoKusunda,101_ifirstpersonsingular,ʦi,ʦi,ts i,,Bodt2019b,,,^ʦ i$,default
KusundaGM-102_theice-1,,KusundaGM,102_theice,jaːq,jaːq,j aː q,,Bodt2019b,,,^j aː q$,default
KusundaK-102_theice-1,,KusundaK,102_theice,jaːq,jaːq,j aː q,,Bodt2019b,,,^j aː q$,default
ProtoKusunda-102_theice-1,,ProtoKusunda,102_theice,jaq,jaq,j a q,,Bodt2019b,,,^j a q$,default
KusundaGM-103_inside-1,,KusundaGM,103_inside,ɐ̃.jiː ɐ̃.waː,ɐ̃.jiː ɐ̃.waː,ɐ̃ + j iː + ɐ̃ + w aː,,Bodt2019b,,,^ɐ̃ . j iː + ɐ̃ . w aː$,default
KusundaK-103_inside-1,,KusundaK,103_inside,ɐ̃.waː,ɐ̃.waː,ɐ̃ + w aː,,Bodt2019b,,,^ɐ̃ . w aː$,default
ProtoKusunda-103_inside-1,,ProtoKusunda,103_inside,ɐɴ,ɐɴ,ɐ ɴ,,Bodt2019b,,,^ɐ ɴ$,default
KusundaGM-104_tokill-1,,KusundaGM,104_tokill,ɔk.d̪aː aː.gɔː,ɔk.d̪aː aː.gɔː,ɔ k + d̪ aː + aː + g ɔː,,Bodt2019b,,,^ɔ k . d̪ aː + aː . g ɔː$,default
KusundaK-104_tokill-1,,KusundaK,104_tokill,ɔ̰.d̪aː ɐ.gɔː,ɔ̰.d̪aː ɐ.gɔː,ɔ̰ + d̪ aː + ɐ + g ɔː,,Bodt2019b,,,^ɔ̰ . d̪ aː + ɐ . g ɔː$,default
ProtoKusunda-104_tokill-1,,ProtoKusunda,104_tokill,ɔɢ.da ɐ.go,ɔɢ.da ɐ.go,ɔ ɢ + d a + ɐ + g o,,Bodt2019b,,,^ɔ ɢ . d a + ɐ . g o$,default
KusundaGM-105_toknead-1,,KusundaGM,105_toknead,ʣɔk aː.gɔː,ʣɔk aː.gɔː,dz ɔ k + aː + g ɔː,,Bodt2019b,,,^ʣ ɔ k + aː . g ɔː$,default
KusundaK-105_toknead-1,,KusundaK,105_toknead,ʤɔk ɐ.gɔː,ʤɔk ɐ.gɔː,dʒ ɔ k + ɐ + g ɔː,,Bodt2019b,,,^ʤ ɔ k + ɐ . g ɔː$,default
ProtoKusunda-105_toknead-1,,ProtoKusunda,105_toknead,ʣɔk,ʣɔk,dz ɔ k,,Bodt2019b,,,^ʣ ɔ k$,default
KusundaGM-106_theknee-1,,KusundaGM,106_theknee,up.t̪ɔː,up.t̪ɔː,u p + t̪ ɔː,,Bodt2019b,,,^u p . t̪ ɔː$,default
KusundaK-106_theknee-1,,KusundaK,106_theknee,up.t̪ɔː,up.t̪ɔː,u p + t̪ ɔː,,Bodt2019b,,,^u p . t̪ ɔː$,default
ProtoKusunda-106_theknee-1,,ProtoKusunda,106_theknee,up.to,up.to,u p + t o,,Bodt2019b,,,^u p . t o$,default
KusundaGM-107_knife-1,,KusundaGM,107_knife,qɔ.leː,qɔ.leː,q ɔ + l eː,,Bodt2019b,,,^q ɔ . l eː$,default
KusundaK-107_knife-1,,KusundaK,107_knife,qɔ.liː,qɔ.liː,q ɔ + l iː,,Bodt2019b,,,^q ɔ . l iː$,default
ProtoKusunda-107_knife-1,,ProtoKusunda,107_knife,qo.le,qo.le,q o + l e,,Bodt2019b,,,^q o . l e$,default
KusundaGM-108_toknowsomething-1,,KusundaGM,108_toknowsomething,ʦir.maː aː.gɔː,ʦir.maː aː.gɔː,ts i r + m aː + aː + g ɔː,,Bodt2019b,,,^ʦ i r . m aː + aː . g ɔː$,default
KusundaK-108_toknowsomething-1,,KusundaK,108_toknowsomething,ʦir.maː ɐ.gɔː,ʦir.maː ɐ.gɔː,ts i r + m aː + ɐ + g ɔː,,Bodt2019b,,,^ʦ i r . m aː + ɐ . g ɔː$,default
ProtoKusunda-108_toknowsomething-1,,ProtoKusunda,108_toknowsomething,ʦir.ma,ʦir.ma,ts i r + m a,,Bodt2019b,,,^ʦ i r . m a$,default
KusundaGM-110_late-1,,KusundaGM,110_late,mɐ.lɐŋ,mɐ.lɐŋ,m ɐ + l ɐ ŋ,,Bodt2019b,,,^m ɐ . l ɐ ŋ$,default
KusundaK-110_late-1,,KusundaK,110_late,mɐ.laŋ,mɐ.laŋ,m ɐ + l a ŋ,,Bodt2019b,,,^m ɐ . l a ŋ$,default
ProtoKusunda-110_late-1,,ProtoKusunda,110_late,mɐ.lɐŋ,mɐ.lɐŋ,m ɐ + l ɐ ŋ,,Bodt2019b,,,^m ɐ . l ɐ ŋ$,default
KusundaGM-111_tolaugh-1,,KusundaGM,111_tolaugh,nɐ.kʰeː aː.gɔː,nɐ.kʰeː aː.gɔː,n ɐ + kʰ eː + aː + g ɔː,,Bodt2019b,,,^n ɐ . kʰ eː + aː . g ɔː$,default
KusundaK-111_tolaugh-1,,KusundaK,111_tolaugh,ni.kʰeː ɐ.gɔː,ni.kʰeː ɐ.gɔː,n i + kʰ eː + ɐ + g ɔː,,Bodt2019b,,,^n i . kʰ eː + ɐ . g ɔː$,default
ProtoKusunda-111_tolaugh-1,,ProtoKusunda,111_tolaugh,ni.kʰe,ni.kʰe,n i + kʰ e,,Bodt2019b,,,^n i . kʰ e$,default
KusundaGM-112_theleaf-1,,KusundaGM,112_theleaf,haːq,haːq,h aː q,,Bodt2019b,,,^h aː q$,default
KusundaK-112_theleaf-1,,KusundaK,112_theleaf,haːq,haːq,h aː q,,Bodt2019b,,,^h aː q$,default
ProtoKusunda-112_theleaf-1,,ProtoKusunda,112_theleaf,haq,haq,h a q,,Bodt2019b,,,^h a q$,default
KusundaGM-113_tolearn-1,,KusundaGM,113_tolearn,lɐm.baː aː.gɔː,lɐm.baː aː.gɔː,l ɐ m + b aː + aː + g ɔː,,Bodt2019b,,,^l ɐ m . b aː + aː . g ɔː$,default
KusundaK-113_tolearn-1,,KusundaK,113_tolearn,lɐm.baː ɐ.gɔː,lɐm.baː ɐ.gɔː,l ɐ m + b aː + ɐ + g ɔː,,Bodt2019b,,,^l ɐ m . b aː + ɐ . g ɔː$,default
ProtoKusunda-113_tolearn-1,,ProtoKusunda,113_tolearn,lɐm.ba,lɐm.ba,l ɐ m + b a,,Bodt2019b,,,^l ɐ m . b a$,default
KusundaGM-115_tolick-1,,KusundaGM,115_tolick,laː aː.gɔː,laː aː.gɔː,l aː + aː + g ɔː,,Bodt2019b,,,^l aː + aː . g ɔː$,default
KusundaK-115_tolick-1,,KusundaK,115_tolick,lɐk ɐ.gɔː,lɐk ɐ.gɔː,l ɐ k + ɐ + g ɔː,,Bodt2019b,,,^l ɐ k + ɐ . g ɔː$,default
ProtoKusunda-115_tolick-1,,ProtoKusunda,115_tolick,lɐk,lɐk,l ɐ k,,Bodt2019b,,,^l ɐ k$,default
KusundaGM-116_toliedown-1,,KusundaGM,116_toliedown,mɔ.rɔŋ.t̪ɔː,mɔ.rɔŋ.t̪ɔː,m ɔ + r ɔ ŋ + t̪ ɔː,,Bodt2019b,,,^m ɔ . r ɔ ŋ . t̪ ɔː$,default
KusundaK-116_toliedown-1,,KusundaK,116_toliedown,mu.ruŋ.t̪ɔː,mu.ruŋ.t̪ɔː,m u + r u ŋ + t̪ ɔː,,Bodt2019b,,,^m u . r u ŋ . t̪ ɔː$,default
ProtoKusunda-116_toliedown-1,,ProtoKusunda,116_toliedown,mu.roŋ,mu.roŋ,m u + r o ŋ,,Bodt2019b,,,^m u . r o ŋ$,default
KusundaGM-117_lightofweight-1,,KusundaGM,117_lightofweight,kãː.wər,kãː.wər,k ãː + w ə r,,Bodt2019b,,,^k ãː . w ə r$,default
KusundaK-117_lightofweight-1,,KusundaK,117_lightofweight,kãː.wər,kãː.wər,k ãː + w ə r,,Bodt2019b,,,^k ãː . w ə r$,default
ProtoKusunda-117_lightofweight-1,,ProtoKusunda,117_lightofweight,kaɴ.wər,kaɴ.wər,k a ɴ + w ə r,,Bodt2019b,,,^k a ɴ . w ə r$,default
KusundaGM-119_theliver-1,,KusundaGM,119_theliver,i.d̪ɔw,i.d̪ɔw,i + d̪ ɔ w,,Bodt2019b,,,^i . d̪ ɔ w$,default
KusundaK-119_theliver-1,,KusundaK,119_theliver,i.d̪uː,i.d̪uː,i + d̪ uː,,Bodt2019b,,,^i . d̪ uː$,default
ProtoKusunda-119_theliver-1,,ProtoKusunda,119_theliver,i.dow,i.dow,i + d o w,,Bodt2019b,,,^i . d o w$,default
KusundaGM-120_long-1,,KusundaGM,120_long,lɐŋ.kaː,lɐŋ.kaː,l ɐ ŋ + k aː,,Bodt2019b,,,^l ɐ ŋ . k aː$,default
KusundaK-120_long-1,,KusundaK,120_long,lɐŋ.kɐn,lɐŋ.kɐn,l ɐ ŋ + k ɐ n,,Bodt2019b,,,^l ɐ ŋ . k ɐ n$,default
ProtoKusunda-120_long-1,,ProtoKusunda,120_long,lɐŋ,lɐŋ,l ɐ ŋ,,Bodt2019b,,,^l ɐ ŋ$,default
KusundaGM-121_thelouse-1,,KusundaGM,121_thelouse,kiː,kiː,k iː,,Bodt2019b,,,^k iː$,default
KusundaK-121_thelouse-1,,KusundaK,121_thelouse,kiː,kiː,k iː,,Bodt2019b,,,^k iː$,default
ProtoKusunda-121_thelouse-1,,ProtoKusunda,121_thelouse,kiː,kiː,k iː,,Bodt2019b,,,^k iː$,default
KusundaGM-122_thelung-1,,KusundaGM,122_thelung,gu.bɔk,gu.bɔk,g u + b ɔ k,,Bodt2019b,,,^g u . b ɔ k$,default
KusundaK-122_thelung-1,,KusundaK,122_thelung,gɔ.bʲɛkʰ,gɔ.bʲɛkʰ,g ɔ + bʲ ɛ kʰ,,Bodt2019b,,,^g ɔ . bʲ ɛ kʰ$,default
KusundaGM-123_themanmalehuman-1,,KusundaGM,123_themanmalehuman,d̪uj gə.ʦeː,d̪uj gə.ʦeː,d̪ u j + g ə + ts eː,,Bodt2019b,,,^d̪ u j + g ə . ʦ eː$,default
KusundaK-123_themanmalehuman-1,,KusundaK,123_themanmalehuman,d̪uj gə.ʧeː,d̪uj gə.ʧeː,d̪ u j + g ə + tʃ eː,,Bodt2019b,,,^d̪ u j + g ə . ʧ eː$,default
ProtoKusunda-123_themanmalehuman-1,,ProtoKusunda,123_themanmalehuman,du.hi gə.ʦe,du.hi gə.ʦe,d u + h i + g ə + ts e,,Bodt2019b,,,^d u . h i + g ə . ʦ e$,default
KusundaGM-124_many-1,,KusundaGM,124_many,mə.niː,mə.niː,m ə + n iː,,Bodt2019b,,,^m ə . n iː$,default
KusundaK-124_many-1,,KusundaK,124_many,mə.niː,mə.niː,m ə + n iː,,Bodt2019b,,,^m ə . n iː$,default
ProtoKusunda-124_many-1,,ProtoKusunda,124_many,mə.ni,mə.ni,m ə + n i,,Bodt2019b,,,^m ə . n i$,default
KusundaGM-125_tomarryamanmarriesawoman-1,,KusundaGM,125_tomarryamanmarriesawoman,nɐ.bə aː.gɔː,nɐ.bə aː.gɔː,n ɐ + b ə + aː + g ɔː,,Bodt2019b,,,^n ɐ . b ə + aː . g ɔː$,default
KusundaK-125_tomarryamanmarriesawoman-1,,KusundaK,125_tomarryamanmarriesawoman,nɐ.bə ɐ.gɔː,nɐ.bə ɐ.gɔː,n ɐ + b ə + ɐ + g ɔː,,Bodt2019b,,,^n ɐ . b ə + ɐ . g ɔː$,default
ProtoKusunda-125_tomarryamanmarriesawoman-1,,ProtoKusunda,125_tomarryamanmarriesawoman,nɐ.bə,nɐ.bə,n ɐ + b ə,,Bodt2019b,,,^n ɐ . b ə$,default
KusundaGM-126_themeat-1,,KusundaGM,126_themeat,ɐm.baː,ɐm.baː,ɐ m + b aː,,Bodt2019b,,,^ɐ m . b aː$,default
KusundaK-126_themeat-1,,KusundaK,126_themeat,ɐm.baː,ɐm.baː,ɐ m + b aː,,Bodt2019b,,,^ɐ m . b aː$,default
ProtoKusunda-126_themeat-1,,ProtoKusunda,126_themeat,ɐm.ba,ɐm.ba,ɐ m + b a,,Bodt2019b,,,^ɐ m . b a$,default
KusundaGM-127_middle-1,,KusundaGM,127_middle,gi.ʣɐχ,gi.ʣɐχ,g i + dz ɐ χ,,Bodt2019b,,,^g i . ʣ ɐ χ$,default
KusundaK-127_middle-1,,KusundaK,127_middle,gi.ʤaːt̪,gi.ʤaːt̪,g i + dʒ aː t̪,,Bodt2019b,,,^g i . ʤ aː t̪$,default
ProtoKusunda-127_middle-1,,ProtoKusunda,127_middle,gi.ʣat,gi.ʣat,g i + dz a t,,Bodt2019b,,,^g i . ʣ a t$,default
KusundaGM-128_themoon-1,,KusundaGM,128_themoon,ni.kuː,ni.kuː,n i + k uː,,Bodt2019b,,,^n i . k uː$,default
KusundaK-128_themoon-1,,KusundaK,128_themoon,ni.kuː,ni.kuː,n i + k uː,,Bodt2019b,,,^n i . k uː$,default
ProtoKusunda-128_themoon-1,,ProtoKusunda,128_themoon,ni.ku,ni.ku,n i + k u,,Bodt2019b,,,^n i . k u$,default
KusundaGM-129_morning-1,,KusundaGM,129_morning,gɔː.raː ɐ.ʣeː,gɔː.raː ɐ.ʣeː,g ɔː + r aː + ɐ + dz eː,,Bodt2019b,,,^g ɔː . r aː + ɐ . ʣ eː$,default
KusundaK-129_morning-1,,KusundaK,129_morning,pʲɛː ɔ.rɔkʰ,pʲɛː ɔ.rɔkʰ,pʲ ɛː + ɔ + r ɔ kʰ,,Bodt2019b,,,^pʲ ɛː + ɔ . r ɔ kʰ$,default
KusundaGM-131_themother-1,,KusundaGM,131_themother,mɐj,mɐj,m ɐ j,,Bodt2019b,,,^m ɐ j$,default
KusundaK-131_themother-1,,KusundaK,131_themother,məj,məj,m ə j,,Bodt2019b,,,^m ə j$,default
ProtoKusunda-131_themother-1,,ProtoKusunda,131_themother,mɐj,mɐj,m ɐ j,,Bodt2019b,,,^m ɐ j$,default
KusundaGM-132_themountain-1,,KusundaGM,132_themountain,d̪i.bʲɛŋ,d̪i.bʲɛŋ,d̪ i + bʲ ɛ ŋ,,Bodt2019b,,,^d̪ i . bʲ ɛ ŋ$,default
KusundaK-132_themountain-1,,KusundaK,132_themountain,d̪i.bɐŋ,d̪i.bɐŋ,d̪ i + b ɐ ŋ,,Bodt2019b,,,^d̪ i . b ɐ ŋ$,default
ProtoKusunda-132_themountain-1,,ProtoKusunda,132_themountain,di.bɐŋ,di.bɐŋ,d i + b ɐ ŋ,,Bodt2019b,,,^d i . b ɐ ŋ$,default
KusundaGM-133_themouseorrat-1,,KusundaGM,133_themouseorrat,jɛŋ.gut̪,jɛŋ.gut̪,j ɛ ŋ + g u t̪,,Bodt2019b,,,^j ɛ ŋ . g u t̪$,default
KusundaK-133_themouseorrat-1,,KusundaK,133_themouseorrat,jɛŋ.gut̪,jɛŋ.gut̪,j ɛ ŋ + g u t̪,,Bodt2019b,,,^j ɛ ŋ . g u t̪$,default
ProtoKusunda-133_themouseorrat-1,,ProtoKusunda,133_themouseorrat,jɛŋ.gut,jɛŋ.gut,j ɛ ŋ + g u t,,Bodt2019b,,,^j ɛ ŋ . g u t$,default
KusundaGM-134_themouth-1,,KusundaGM,134_themouth,ɐ.t̪aː,ɐ.t̪aː,ɐ + t̪ aː,,Bodt2019b,,,^ɐ . t̪ aː$,default
KusundaK-134_themouth-1,,KusundaK,134_themouth,ɐ.t̪aː,ɐ.t̪aː,ɐ + t̪ aː,,Bodt2019b,,,^ɐ . t̪ aː$,default
ProtoKusunda-134_themouth-1,,ProtoKusunda,134_themouth,ɐ.ta,ɐ.ta,ɐ + t a,,Bodt2019b,,,^ɐ . t a$,default
KusundaGM-135_themud-1,,KusundaGM,135_themud,d̪um,d̪um,d̪ u m,,Bodt2019b,,,^d̪ u m$,default
KusundaK-135_themud-1,,KusundaK,135_themud,d̪um,d̪um,d̪ u m,,Bodt2019b,,,^d̪ u m$,default
ProtoKusunda-135_themud-1,,ProtoKusunda,135_themud,dum,dum,d u m,,Bodt2019b,,,^d u m$,default
KusundaGM-136_thenailfingernailorclaw-1,,KusundaGM,136_thenailfingernailorclaw,ɐw.siː,ɐw.siː,ɐ w + s iː,,Bodt2019b,,,^ɐ w . s iː$,default
KusundaK-136_thenailfingernailorclaw-1,,KusundaK,136_thenailfingernailorclaw,ɐw.siː,ɐw.siː,ɐ w + s iː,,Bodt2019b,,,^ɐ w . s iː$,default
ProtoKusunda-136_thenailfingernailorclaw-1,,ProtoKusunda,136_thenailfingernailorclaw,ɐw.si,ɐw.si,ɐ w + s i,,Bodt2019b,,,^ɐ w . s i$,default
KusundaGM-137_thename-1,,KusundaGM,137_thename,gi.ʣiː,gi.ʣiː,g i + dz iː,,Bodt2019b,,,^g i . ʣ iː$,default
KusundaK-137_thename-1,,KusundaK,137_thename,gi.ʤeː,gi.ʤeː,g i + dʒ eː,,Bodt2019b,,,^g i . ʤ eː$,default
ProtoKusunda-137_thename-1,,ProtoKusunda,137_thename,gi.ʣe,gi.ʣe,g i + dz e,,Bodt2019b,,,^g i . ʣ e$,default
KusundaGM-139_near-1,,KusundaGM,139_near,is.t̪aː,is.t̪aː,i s + t̪ aː,,Bodt2019b,,,^i s . t̪ aː$,default
KusundaK-139_near-1,,KusundaK,139_near,is.t̪aː,is.t̪aː,i s + t̪ aː,,Bodt2019b,,,^i s . t̪ aː$,default
ProtoKusunda-139_near-1,,ProtoKusunda,139_near,is.ta,is.ta,i s + t a,,Bodt2019b,,,^i s . t a$,default
KusundaGM-140_theneck-1,,KusundaGM,140_theneck,hɐŋ.kiː,hɐŋ.kiː,h ɐ ŋ + k iː,,Bodt2019b,,,^h ɐ ŋ . k iː$,default
KusundaK-140_theneck-1,,KusundaK,140_theneck,hɐŋ.kiː,hɐŋ.kiː,h ɐ ŋ + k iː,,Bodt2019b,,,^h ɐ ŋ . k iː$,default
ProtoKusunda-140_theneck-1,,ProtoKusunda,140_theneck,hɐŋ.ki,hɐŋ.ki,h ɐ ŋ + k i,,Bodt2019b,,,^h ɐ ŋ . k i$,default
KusundaGM-141_theneedleforsewing-1,,KusundaGM,141_theneedleforsewing,ər.ʦʰaː,ər.ʦʰaː,ə r + tsʰ aː,,Bodt2019b,,,^ə r . ʦʰ aː$,default
KusundaK-141_theneedleforsewing-1,,KusundaK,141_theneedleforsewing,ər.ʦʰaː,ər.ʦʰaː,ə r + tsʰ aː,,Bodt2019b,,,^ə r . ʦʰ aː$,default
ProtoKusunda-141_theneedleforsewing-1,,ProtoKusunda,141_theneedleforsewing,ər.ʦʰa,ər.ʦʰa,ə r + tsʰ a,,Bodt2019b,,,^ə r . ʦʰ a$,default
KusundaGM-142_new-1,,KusundaGM,142_new,ʤəŋ.ɔn,ʤəŋ.ɔn,dʒ ə ŋ + ɔ n,,Bodt2019b,,,^ʤ ə ŋ . ɔ n$,default
KusundaK-142_new-1,,KusundaK,142_new,ʤɛŋ.n,ʤɛŋ.n,dʒ ɛ ŋ + n,,Bodt2019b,,,^ʤ ɛ ŋ . n$,default
ProtoKusunda-142_new-1,,ProtoKusunda,142_new,ʣeŋ.n,ʣeŋ.n,dz e ŋ + n,,Bodt2019b,,,^ʣ e ŋ . n$,default
KusundaGM-143_nine-1,,KusundaGM,143_nine,nɐw,nɐw,n ɐ w,,Bodt2019b,,,^n ɐ w$,default
KusundaK-143_nine-1,,KusundaK,143_nine,nɐw,nɐw,n ɐ w,,Bodt2019b,,,^n ɐ w$,default
ProtoKusunda-143_nine-1,,ProtoKusunda,143_nine,nɐw,nɐw,n ɐ w,,Bodt2019b,,,^n ɐ w$,default
KusundaGM-144_thenit-1,,KusundaGM,144_thenit,ʤɔŋ.ɔk,ʤɔŋ.ɔk,dʒ ɔ ŋ + ɔ k,,Bodt2019b,,,^ʤ ɔ ŋ . ɔ k$,default
KusundaK-144_thenit-1,,KusundaK,144_thenit,ʤɔ̃ː.ɔk,ʤɔ̃ː.ɔk,dʒ ɔ̃ː + ɔ k,,Bodt2019b,,,^ʤ ɔ̃ː . ɔ k$,default
ProtoKusunda-144_thenit-1,,ProtoKusunda,144_thenit,ʣoɴ.ok,ʣoɴ.ok,dz o ɴ + o k,,Bodt2019b,,,^ʣ o ɴ . o k$,default
KusundaGM-145_noon-1,,KusundaGM,145_noon,ɔŋ.ʦaː,ɔŋ.ʦaː,ɔ ŋ + ts aː,,Bodt2019b,,,^ɔ ŋ . ʦ aː$,default
KusundaK-145_noon-1,,KusundaK,145_noon,ɔ̃ː.ʦaː,ɔ̃ː.ʦaː,ɔ̃ː + ts aː,,Bodt2019b,,,^ɔ̃ː . ʦ aː$,default
ProtoKusunda-145_noon-1,,ProtoKusunda,145_noon,oɴ.ʦa,oɴ.ʦa,o ɴ + ts a,,Bodt2019b,,,^o ɴ . ʦ a$,default
KusundaGM-146_thenose-1,,KusundaGM,146_thenose,i.nɔw,i.nɔw,i + n ɔ w,,Bodt2019b,,,^i . n ɔ w$,default
KusundaK-146_thenose-1,,KusundaK,146_thenose,i.nuː,i.nuː,i + n uː,,Bodt2019b,,,^i . n uː$,default
ProtoKusunda-146_thenose-1,,ProtoKusunda,146_thenose,i.now,i.now,i + n o w,,Bodt2019b,,,^i . n o w$,default
KusundaGM-147_oldofperson-1,,KusundaGM,147_oldofperson,d̪əj.jaː,d̪əj.jaː,d̪ ə j + j aː,,Bodt2019b,,,^d̪ ə j . j aː$,default
KusundaK-147_oldofperson-1,,KusundaK,147_oldofperson,bu.d̪ʰaː,bu.d̪ʰaː,b u + d̪ʰ aː,,Bodt2019b,,,^b u . d̪ʰ aː$,default
ProtoKusunda-147_oldofperson-1,,ProtoKusunda,147_oldofperson,dəj.ja,dəj.ja,d ə j + j a,,Bodt2019b,,,^d ə j . j a$,default
KusundaGM-148_one-1,,KusundaGM,148_one,qɐs.t̪iː,qɐs.t̪iː,q ɐ s + t̪ iː,,Bodt2019b,,,^q ɐ s . t̪ iː$,default
KusundaK-148_one-1,,KusundaK,148_one,qɐs.t̪iː,qɐs.t̪iː,q ɐ s + t̪ iː,,Bodt2019b,,,^q ɐ s . t̪ iː$,default
ProtoKusunda-148_one-1,,ProtoKusunda,148_one,qɐs.ti,qɐs.ti,q ɐ s + t i,,Bodt2019b,,,^q ɐ s . t i$,default
KusundaGM-150_outside-1,,KusundaGM,150_outside,bɐŋ.ʣaː,bɐŋ.ʣaː,b ɐ ŋ + dz aː,,Bodt2019b,,,^b ɐ ŋ . ʣ aː$,default
KusundaK-150_outside-1,,KusundaK,150_outside,bãː.ʤaː,bãː.ʤaː,b ãː + dʒ aː,,Bodt2019b,,,^b ãː . ʤ aː$,default
ProtoKusunda-150_outside-1,,ProtoKusunda,150_outside,baɴ.ʣa,baɴ.ʣa,b a ɴ + dz a,,Bodt2019b,,,^b a ɴ . ʣ a$,default
KusundaGM-151_thepig-1,,KusundaGM,151_thepig,hiː,hiː,h iː,,Bodt2019b,,,^h iː$,default
KusundaK-151_thepig-1,,KusundaK,151_thepig,hiː,hiː,h iː,,Bodt2019b,,,^h iː$,default
ProtoKusunda-151_thepig-1,,ProtoKusunda,151_thepig,hi,hi,h i,,Bodt2019b,,,^h i$,default
KusundaGM-152_toplantvegetalsrice-1,,KusundaGM,152_toplantvegetalsrice,lɐ.bə aː.gɔː,lɐ.bə aː.gɔː,l ɐ + b ə + aː + g ɔː,,Bodt2019b,,,^l ɐ . b ə + aː . g ɔː$,default
KusundaK-152_toplantvegetalsrice-1,,KusundaK,152_toplantvegetalsrice,lɐ.bə ɐ.gɔː,lɐ.bə ɐ.gɔː,l ɐ + b ə + ɐ + g ɔː,,Bodt2019b,,,^l ɐ . b ə + ɐ . g ɔː$,default
ProtoKusunda-152_toplantvegetalsrice-1,,ProtoKusunda,152_toplantvegetalsrice,lɐ.bə,lɐ.bə,l ɐ + b ə,,Bodt2019b,,,^l ɐ . b ə$,default
KusundaGM-153_toplay-1,,KusundaGM,153_toplay,li.buŋ aː.gɔː,li.buŋ aː.gɔː,l i + b u ŋ + aː + g ɔː,,Bodt2019b,,,^l i . b u ŋ + aː . g ɔː$,default
KusundaK-153_toplay-1,,KusundaK,153_toplay,li.buŋ.t̪ɔː,li.buŋ.t̪ɔː,l i + b u ŋ + t̪ ɔː,,Bodt2019b,,,^l i . b u ŋ . t̪ ɔː$,default
ProtoKusunda-153_toplay-1,,ProtoKusunda,153_toplay,li.buŋ,li.buŋ,l i + b u ŋ,,Bodt2019b,,,^l i . b u ŋ$,default
KusundaGM-154_topull-1,,KusundaGM,154_topull,ruː aː.gɔː,ruː aː.gɔː,r uː + aː + g ɔː,,Bodt2019b,,,^r uː + aː . g ɔː$,default
KusundaK-154_topull-1,,KusundaK,154_topull,ruː ɐ.gɔː,ruː ɐ.gɔː,r uː + ɐ + g ɔː,,Bodt2019b,,,^r uː + ɐ . g ɔː$,default
ProtoKusunda-154_topull-1,,ProtoKusunda,154_topull,ru,ru,r u,,Bodt2019b,,,^r u$,default
KusundaGM-155_topush-1,,KusundaGM,155_topush,d̪u.sə aː.gɔː,d̪u.sə aː.gɔː,d̪ u + s ə + aː + g ɔː,,Bodt2019b,,,^d̪ u . s ə + aː . g ɔː$,default
KusundaK-155_topush-1,,KusundaK,155_topush,d̪ʰu.sə ɐ.gɔː,d̪ʰu.sə ɐ.gɔː,d̪ʰ u + s ə + ɐ + g ɔː,,Bodt2019b,,,^d̪ʰ u . s ə + ɐ . g ɔː$,default
ProtoKusunda-155_topush-1,,ProtoKusunda,155_topush,dʰu.sə,dʰu.sə,dʰ u + s ə,,Bodt2019b,,,^dʰ u . s ə$,default
KusundaGM-156_therain-1,,KusundaGM,156_therain,t̪ɐŋ ʣʰaw.ʣiː,t̪ɐŋ ʣʰaw.ʣiː,t̪ ɐ ŋ + dzʰ a w + dz iː,,Bodt2019b,,,^t̪ ɐ ŋ + ʣʰ a w . ʣ iː$,default
KusundaK-156_therain-1,,KusundaK,156_therain,t̪ɐŋ ʤi.hun,t̪ɐŋ ʤi.hun,t̪ ɐ ŋ + dʒ i + h u n,,Bodt2019b,,,^t̪ ɐ ŋ + ʤ i . h u n$,default
ProtoKusunda-156_therain-1,,ProtoKusunda,156_therain,tɐŋ,tɐŋ,t ɐ ŋ,,Bodt2019b,,,^t ɐ ŋ$,default
KusundaGM-158_red-1,,KusundaGM,158_red,kʰɐ.rə.gun,kʰɐ.rə.gun,kʰ ɐ + r ə + g u n,,Bodt2019b,,,^kʰ ɐ . r ə . g u n$,default
KusundaK-158_red-1,,KusundaK,158_red,kʰɐ.run,kʰɐ.run,kʰ ɐ + r u n,,Bodt2019b,,,^kʰ ɐ . r u n$,default
ProtoKusunda-158_red-1,,ProtoKusunda,158_red,kʰɐ.rə.gun,kʰɐ.rə.gun,kʰ ɐ + r ə + g u n,,Bodt2019b,,,^kʰ ɐ . r ə . g u n$,default
KusundaGM-159_toresidelive-1,,KusundaGM,159_toresidelive,hɐŋ.nuː,hɐŋ.nuː,h ɐ ŋ + n uː,,Bodt2019b,,,^h ɐ ŋ . n uː$,default
KusundaK-159_toresidelive-1,,KusundaK,159_toresidelive,hãː.nu,hãː.nu,h ãː + n u,,Bodt2019b,,,^h ãː . n u$,default
ProtoKusunda-159_toresidelive-1,,ProtoKusunda,159_toresidelive,haɴ,haɴ,h a ɴ,,Bodt2019b,,,^h a ɴ$,default
KusundaGM-160_thericeplant-1,,KusundaGM,160_thericeplant,si.sin,si.sin,s i + s i n,,Bodt2019b,,,^s i . s i n$,default
KusundaK-160_thericeplant-1,,KusundaK,160_thericeplant,si.sin,si.sin,s i + s i n,,Bodt2019b,,,^s i . s i n$,default
ProtoKusunda-160_thericeplant-1,,ProtoKusunda,160_thericeplant,si.sin,si.sin,s i + s i n,,Bodt2019b,,,^s i . s i n$,default
KusundaGM-163_theroad-1,,KusundaGM,163_theroad,un,un,u n,,Bodt2019b,,,^u n$,default
KusundaK-163_theroad-1,,KusundaK,163_theroad,uːn,uːn,uː n,,Bodt2019b,,,^uː n$,default
ProtoKusunda-163_theroad-1,,ProtoKusunda,163_theroad,un,un,u n,,Bodt2019b,,,^u n$,default
KusundaGM-164_theroot-1,,KusundaGM,164_theroot,gɔ.dɔk,gɔ.dɔk,g ɔ + d ɔ k,,Bodt2019b,,,^g ɔ . d ɔ k$,default
KusundaK-164_theroot-1,,KusundaK,164_theroot,gɔ.dɔk,gɔ.dɔk,g ɔ + d ɔ k,,Bodt2019b,,,^g ɔ . d ɔ k$,default
ProtoKusunda-164_theroot-1,,ProtoKusunda,164_theroot,go.dok,go.dok,g o + d o k,,Bodt2019b,,,^g o . d o k$,default
KusundaGM-165_therope-1,,KusundaGM,165_therope,su.t̪aː,su.t̪aː,s u + t̪ aː,,Bodt2019b,,,^s u . t̪ aː$,default
KusundaK-165_therope-1,,KusundaK,165_therope,su.t̪aː,su.t̪aː,s u + t̪ aː,,Bodt2019b,,,^s u . t̪ aː$,default
ProtoKusunda-165_therope-1,,ProtoKusunda,165_therope,su.ta,su.ta,s u + t a,,Bodt2019b,,,^s u . t a$,default
KusundaGM-166_round-1,,KusundaGM,166_round,gu.luŋ,gu.luŋ,g u + l u ŋ,,Bodt2019b,,,^g u . l u ŋ$,default
KusundaK-166_round-1,,KusundaK,166_round,gu.luŋ.di,gu.luŋ.di,g u + l u ŋ + d i,,Bodt2019b,,,^g u . l u ŋ . d i$,default
ProtoKusunda-166_round-1,,ProtoKusunda,166_round,gu.luŋ,gu.luŋ,g u + l u ŋ,,Bodt2019b,,,^g u . l u ŋ$,default
KusundaGM-167_torun-1,,KusundaGM,167_torun,pʰur.pʰur.t̪ɔː,pʰur.pʰur.t̪ɔː,pʰ u r + pʰ u r + t̪ ɔː,,Bodt2019b,,,^pʰ u r . pʰ u r . t̪ ɔː$,default
KusundaK-167_torun-1,,KusundaK,167_torun,pʰur.pʰur.t̪ɔː,pʰur.pʰur.t̪ɔː,pʰ u r + pʰ u r + t̪ ɔː,,Bodt2019b,,,^pʰ u r . pʰ u r . t̪ ɔː$,default
ProtoKusunda-167_torun-1,,ProtoKusunda,167_torun,pʰur.pʰur,pʰur.pʰur,pʰ u r + pʰ u r,,Bodt2019b,,,^pʰ u r . pʰ u r$,default
KusundaGM-168_thesalt-1,,KusundaGM,168_thesalt,hu.kiː,hu.kiː,h u + k iː,,Bodt2019b,,,^h u . k iː$,default
KusundaK-168_thesalt-1,,KusundaK,168_thesalt,hu.kiː,hu.kiː,h u + k iː,,Bodt2019b,,,^h u . k iː$,default
ProtoKusunda-168_thesalt-1,,ProtoKusunda,168_thesalt,hu.ki,hu.ki,h u + k i,,Bodt2019b,,,^h u . k i$,default
KusundaGM-169_salty-1,,KusundaGM,169_salty,hu.ki ɐm,hu.ki ɐm,h u + k i + ɐ m,,Bodt2019b,,,^h u . k i + ɐ m$,default
KusundaK-169_salty-1,,KusundaK,169_salty,hu.kiː ɐm,hu.kiː ɐm,h u + k iː + ɐ m,,Bodt2019b,,,^h u . k iː + ɐ m$,default
ProtoKusunda-169_salty-1,,ProtoKusunda,169_salty,hu.ki ɐm,hu.ki ɐm,h u + k i + ɐ m,,Bodt2019b,,,^h u . k i + ɐ m$,default
KusundaGM-170_thesand-1,,KusundaGM,170_thesand,gə.liː,gə.liː,g ə + l iː,,Bodt2019b,,,^g ə . l iː$,default
KusundaK-170_thesand-1,,KusundaK,170_thesand,gə.liː,gə.liː,g ə + l iː,,Bodt2019b,,,^g ə . l iː$,default
ProtoKusunda-170_thesand-1,,ProtoKusunda,170_thesand,gə.li,gə.li,g ə + l i,,Bodt2019b,,,^g ə . l i$,default
KusundaGM-171_toscratch-1,,KusundaGM,171_toscratch,jɔw.jɔw aː.gɔː,jɔw.jɔw aː.gɔː,j ɔ w + j ɔ w + aː + g ɔː,,Bodt2019b,,,^j ɔ w . j ɔ w + aː . g ɔː$,default
KusundaK-171_toscratch-1,,KusundaK,171_toscratch,i.wə ɐ.gɔː,i.wə ɐ.gɔː,i + w ə + ɐ + g ɔː,,Bodt2019b,,,^i . w ə + ɐ . g ɔː$,default
KusundaGM-173_tosee-1,,KusundaGM,173_tosee,gɐŋ.nuː,gɐŋ.nuː,g ɐ ŋ + n uː,,Bodt2019b,,,^g ɐ ŋ . n uː$,default
KusundaK-173_tosee-1,,KusundaK,173_tosee,gɐ̃ː.nu,gɐ̃ː.nu,g ɐ̃ː + n u,,Bodt2019b,,,^g ɐ̃ː . n u$,default
ProtoKusunda-173_tosee-1,,ProtoKusunda,173_tosee,gɐɴ,gɐɴ,g ɐ ɴ,,Bodt2019b,,,^g ɐ ɴ$,default
KusundaGM-175_seven-1,,KusundaGM,175_seven,saːt̪,saːt̪,s aː t̪,,Bodt2019b,,,^s aː t̪$,default
KusundaK-175_seven-1,,KusundaK,175_seven,saːt̪,saːt̪,s aː t̪,,Bodt2019b,,,^s aː t̪$,default
ProtoKusunda-175_seven-1,,ProtoKusunda,175_seven,sat,sat,s a t,,Bodt2019b,,,^s a t$,default
KusundaGM-176_sharp-1,,KusundaGM,176_sharp,qaːn,qaːn,q aː n,,Bodt2019b,,,^q aː n$,default
KusundaK-176_sharp-1,,KusundaK,176_sharp,qaːn,qaːn,q aː n,,Bodt2019b,,,^q aː n$,default
ProtoKusunda-176_sharp-1,,ProtoKusunda,176_sharp,qan,qan,q a n,,Bodt2019b,,,^q a n$,default
KusundaGM-177_thesheep-1,,KusundaGM,177_thesheep,gʰɔ.lɔχ,gʰɔ.lɔχ,gʰ ɔ + l ɔ χ,,Bodt2019b,,,^gʰ ɔ . l ɔ χ$,default
KusundaK-177_thesheep-1,,KusundaK,177_thesheep,gʰɔː.lɔq,gʰɔː.lɔq,gʰ ɔː + l ɔ q,,Bodt2019b,,,^gʰ ɔː . l ɔ q$,default
ProtoKusunda-177_thesheep-1,,ProtoKusunda,177_thesheep,gʰo.loq,gʰo.loq,gʰ o + l o q,,Bodt2019b,,,^gʰ o . l o q$,default
KusundaGM-178_toshootanarrow-1,,KusundaGM,178_toshootanarrow,pʰɔː aː.gɔ,pʰɔː aː.gɔ,pʰ ɔː + aː + g ɔ,,Bodt2019b,,,^pʰ ɔː + aː . g ɔ$,default
KusundaK-178_toshootanarrow-1,,KusundaK,178_toshootanarrow,pʰɔː ɐ.gɔː,pʰɔː ɐ.gɔː,pʰ ɔː + ɐ + g ɔː,,Bodt2019b,,,^pʰ ɔː + ɐ . g ɔː$,default
ProtoKusunda-178_toshootanarrow-1,,ProtoKusunda,178_toshootanarrow,pʰo,pʰo,pʰ o,,Bodt2019b,,,^pʰ o$,default
KusundaGM-179_short-1,,KusundaGM,179_short,pʰɔk.t̪ɔk,pʰɔk.t̪ɔk,pʰ ɔ k + t̪ ɔ k,,Bodt2019b,,,^pʰ ɔ k . t̪ ɔ k$,default
KusundaK-179_short-1,,KusundaK,179_short,pʰɔ.t̪ɔk,pʰɔ.t̪ɔk,pʰ ɔ + t̪ ɔ k,,Bodt2019b,,,^pʰ ɔ . t̪ ɔ k$,default
ProtoKusunda-179_short-1,,ProtoKusunda,179_short,pʰok.tok,pʰok.tok,pʰ o k + t o k,,Bodt2019b,,,^pʰ o k . t o k$,default
KusundaGM-181_shy-1,,KusundaGM,181_shy,kʰʲɛː,kʰʲɛː,kʲʰ ɛː,,Bodt2019b,,,^kʰʲ ɛː$,default
KusundaK-181_shy-1,,KusundaK,181_shy,kʰʲɛː ɐ.gɔː,kʰʲɛː ɐ.gɔː,kʲʰ ɛː + ɐ + g ɔː,,Bodt2019b,,,^kʰʲ ɛː + ɐ . g ɔː$,default
ProtoKusunda-181_shy-1,,ProtoKusunda,181_shy,kʰe,kʰe,kʰ e,,Bodt2019b,,,^kʰ e$,default
KusundaGM-182_thesickle-1,,KusundaGM,182_thesickle,baː.kʰaː,baː.kʰaː,b aː + kʰ aː,,Bodt2019b,,,^b aː . kʰ aː$,default
KusundaK-182_thesickle-1,,KusundaK,182_thesickle,baː.kʰa,baː.kʰa,b aː + kʰ a,,Bodt2019b,,,^b aː . kʰ a$,default
ProtoKusunda-182_thesickle-1,,ProtoKusunda,182_thesickle,ba.kʰa,ba.kʰa,b a + kʰ a,,Bodt2019b,,,^b a . kʰ a$,default
KusundaGM-183_tosing-1,,KusundaGM,183_tosing,mɐŋ.laː aː.gɔː,mɐŋ.laː aː.gɔː,m ɐ ŋ + l aː + aː + g ɔː,,Bodt2019b,,,^m ɐ ŋ . l aː + aː . g ɔː$,default
KusundaK-183_tosing-1,,KusundaK,183_tosing,mɐŋ ɐ.gɔː,mɐŋ ɐ.gɔː,m ɐ ŋ + ɐ + g ɔː,,Bodt2019b,,,^m ɐ ŋ + ɐ . g ɔː$,default
ProtoKusunda-183_tosing-1,,ProtoKusunda,183_tosing,mɐŋ.la,mɐŋ.la,m ɐ ŋ + l a,,Bodt2019b,,,^m ɐ ŋ . l a$,default
KusundaGM-184_six-1,,KusundaGM,184_six,ʦʰa.gu.d̪aː,ʦʰa.gu.d̪aː,tsʰ a + g u + d̪ aː,,Bodt2019b,,,^ʦʰ a . g u . d̪ aː$,default
KusundaK-184_six-1,,KusundaK,184_six,ʦʰaː,ʦʰaː,tsʰ aː,,Bodt2019b,,,^ʦʰ aː$,default
ProtoKusunda-184_six-1,,ProtoKusunda,184_six,ʦʰaː,ʦʰaː,tsʰ aː,,Bodt2019b,,,^ʦʰ aː$,default
KusundaGM-185_theskin-1,,KusundaGM,185_theskin,gi.t̪ət̪,gi.t̪ət̪,g i + t̪ ə t̪,,Bodt2019b,,,^g i . t̪ ə t̪$,default
KusundaK-185_theskin-1,,KusundaK,185_theskin,gi.t̪ət̪,gi.t̪ət̪,g i + t̪ ə t̪,,Bodt2019b,,,^g i . t̪ ə t̪$,default
ProtoKusunda-185_theskin-1,,ProtoKusunda,185_theskin,gi.tət,gi.tət,g i + t ə t,,Bodt2019b,,,^g i . t ə t$,default
KusundaGM-186_thesky-1,,KusundaGM,186_thesky,bɐm,bɐm,b ɐ m,,Bodt2019b,,,^b ɐ m$,default
KusundaK-186_thesky-1,,KusundaK,186_thesky,aː.qʰoː,aː.qʰoː,aː + qʰ oː,,Bodt2019b,,,^aː . qʰ oː$,default
KusundaGM-187_tosleep-1,,KusundaGM,187_tosleep,ip.t̪ɔː,ip.t̪ɔː,i p + t̪ ɔː,,Bodt2019b,,,^i p . t̪ ɔː$,default
KusundaK-187_tosleep-1,,KusundaK,187_tosleep,ip.t̪ɔː,ip.t̪ɔː,i p + t̪ ɔː,,Bodt2019b,,,^i p . t̪ ɔː$,default
ProtoKusunda-187_tosleep-1,,ProtoKusunda,187_tosleep,ip,ip,i p,,Bodt2019b,,,^i p$,default
KusundaGM-188_small-1,,KusundaGM,188_small,huŋ.kəj,huŋ.kəj,h u ŋ + k ə j,,Bodt2019b,,,^h u ŋ . k ə j$,default
KusundaK-188_small-1,,KusundaK,188_small,huŋ.kəj,huŋ.kəj,h u ŋ + k ə j,,Bodt2019b,,,^h u ŋ . k ə j$,default
ProtoKusunda-188_small-1,,ProtoKusunda,188_small,huŋ.kəj,huŋ.kəj,h u ŋ + k ə j,,Bodt2019b,,,^h u ŋ . k ə j$,default
KusundaGM-189_tosmellperceiveodortransitive-1,,KusundaGM,189_tosmellperceiveodortransitive,gən.ʣiː aː.gɔː,gən.ʣiː aː.gɔː,g ə n + dz iː + aː + g ɔː,,Bodt2019b,,,^g ə n . ʣ iː + aː . g ɔː$,default
KusundaK-189_tosmellperceiveodortransitive-1,,KusundaK,189_tosmellperceiveodortransitive,gən.ʤi ɐ.gɔː,gən.ʤi ɐ.gɔː,g ə n + dʒ i + ɐ + g ɔː,,Bodt2019b,,,^g ə n . ʤ i + ɐ . g ɔː$,default
ProtoKusunda-189_tosmellperceiveodortransitive-1,,ProtoKusunda,189_tosmellperceiveodortransitive,gən.ʣi,gən.ʣi,g ə n + dz i,,Bodt2019b,,,^g ə n . ʣ i$,default
KusundaGM-190_thesmoke-1,,KusundaGM,190_thesmoke,d̪i.miː,d̪i.miː,d̪ i + m iː,,Bodt2019b,,,^d̪ i . m iː$,default
KusundaK-190_thesmoke-1,,KusundaK,190_thesmoke,d̪i.miː,d̪i.miː,d̪ i + m iː,,Bodt2019b,,,^d̪ i . m iː$,default
ProtoKusunda-190_thesmoke-1,,ProtoKusunda,190_thesmoke,di.mi,di.mi,d i + m i,,Bodt2019b,,,^d i . m i$,default
KusundaGM-192_thesnake-1,,KusundaGM,192_thesnake,t̪uː,t̪uː,t̪ uː,,Bodt2019b,,,^t̪ uː$,default
KusundaK-192_thesnake-1,,KusundaK,192_thesnake,t̪uːk,t̪uːk,t̪ uː k,,Bodt2019b,,,^t̪ uː k$,default
ProtoKusunda-192_thesnake-1,,ProtoKusunda,192_thesnake,tuk,tuk,t u k,,Bodt2019b,,,^t u k$,default
KusundaGM-193_thesnow-1,,KusundaGM,193_thesnow,jaːχ,jaːχ,j aː χ,,Bodt2019b,,,^j aː χ$,default
KusundaK-193_thesnow-1,,KusundaK,193_thesnow,jaːq,jaːq,j aː q,,Bodt2019b,,,^j aː q$,default
ProtoKusunda-193_thesnow-1,,ProtoKusunda,193_thesnow,jaq,jaq,j a q,,Bodt2019b,,,^j a q$,default
KusundaGM-194_soft-1,,KusundaGM,194_soft,jɔː.lɐχ,jɔː.lɐχ,j ɔː + l ɐ χ,,Bodt2019b,,,^j ɔː . l ɐ χ$,default
KusundaK-194_soft-1,,KusundaK,194_soft,jɔː.lɐq,jɔː.lɐq,j ɔː + l ɐ q,,Bodt2019b,,,^j ɔː . l ɐ q$,default
ProtoKusunda-194_soft-1,,ProtoKusunda,194_soft,jo.lɐq,jo.lɐq,j o + l ɐ q,,Bodt2019b,,,^j o . l ɐ q$,default
KusundaGM-195_theson-1,,KusundaGM,195_theson,d̪uk.ʦiː,d̪uk.ʦiː,d̪ u k + ts iː,,Bodt2019b,,,^d̪ u k . ʦ iː$,default
KusundaK-195_theson-1,,KusundaK,195_theson,d̪uk.ʦiː,d̪uk.ʦiː,d̪ u k + ts iː,,Bodt2019b,,,^d̪ u k . ʦ iː$,default
ProtoKusunda-195_theson-1,,ProtoKusunda,195_theson,duk.ʦi,duk.ʦi,d u k + ts i,,Bodt2019b,,,^d u k . ʦ i$,default
KusundaK-196_thesparrow-1,,KusundaK,196_thesparrow,bʰa.ŋeː.raː,bʰa.ŋeː.raː,bʰ a + ŋ eː + r aː,,Bodt2019b,,,^bʰ a . ŋ eː . r aː$,default
KusundaGM-197_thespider-1,,KusundaGM,197_thespider,pɐŋ.gaː,pɐŋ.gaː,p ɐ ŋ + g aː,,Bodt2019b,,,^p ɐ ŋ . g aː$,default
KusundaK-197_thespider-1,,KusundaK,197_thespider,pɐŋ.gaː,pɐŋ.gaː,p ɐ ŋ + g aː,,Bodt2019b,,,^p ɐ ŋ . g aː$,default
ProtoKusunda-197_thespider-1,,ProtoKusunda,197_thespider,pɐŋ.ga,pɐŋ.ga,p ɐ ŋ + g a,,Bodt2019b,,,^p ɐ ŋ . g a$,default
KusundaGM-198_tospit-1,,KusundaGM,198_tospit,ɐ.t̪aː gi.t̪ɐŋ hur.rə a.gɔː,ɐ.t̪aː gi.t̪ɐŋ hur.rə a.gɔː,ɐ + t̪ aː + g i + t̪ ɐ ŋ + h u r + r ə + a + g ɔː,,Bodt2019b,,,^ɐ . t̪ aː + g i . t̪ ɐ ŋ + h u r . r ə + a . g ɔː$,default
KusundaK-198_tospit-1,,KusundaK,198_tospit,ɐ.t̪aː gi.t̪ɐŋ hur.rə ɐ.gɔː,ɐ.t̪aː gi.t̪ɐŋ hur.rə ɐ.gɔː,ɐ + t̪ aː + g i + t̪ ɐ ŋ + h u r + r ə + ɐ + g ɔː,,Bodt2019b,,,^ɐ . t̪ aː + g i . t̪ ɐ ŋ + h u r . r ə + ɐ . g ɔː$,default
ProtoKusunda-198_tospit-1,,ProtoKusunda,198_tospit,ɐ.ta gi.tɐŋ hur.rə,ɐ.ta gi.tɐŋ hur.rə,ɐ + t a + g i + t ɐ ŋ + h u r + r ə,,Bodt2019b,,,^ɐ . t a + g i . t ɐ ŋ + h u r . r ə$,default
KusundaGM-199_tostand-1,,KusundaGM,199_tostand,d̪uŋ.t̪ɔː,d̪uŋ.t̪ɔː,d̪ u ŋ + t̪ ɔː,,Bodt2019b,,,^d̪ u ŋ . t̪ ɔː$,default
KusundaK-199_tostand-1,,KusundaK,199_tostand,d̪ʰuŋ.tɔː,d̪ʰuŋ.tɔː,d̪ʰ u ŋ + t ɔː,,Bodt2019b,,,^d̪ʰ u ŋ . t ɔː$,default
ProtoKusunda-199_tostand-1,,ProtoKusunda,199_tostand,dʰuŋ,dʰuŋ,dʰ u ŋ,,Bodt2019b,,,^dʰ u ŋ$,default
KusundaGM-200_thestar-1,,KusundaGM,200_thestar,saː.kʰɐm,saː.kʰɐm,s aː + kʰ ɐ m,,Bodt2019b,,,^s aː . kʰ ɐ m$,default
KusundaK-200_thestar-1,,KusundaK,200_thestar,saː.ɐ̰m,saː.ɐ̰m,s aː + ɐ̰ m,,Bodt2019b,,,^s aː . ɐ̰ m$,default
ProtoKusunda-200_thestar-1,,ProtoKusunda,200_thestar,sa.ɢɐm,sa.ɢɐm,s a + ɢ ɐ m,,Bodt2019b,,,^s a . ɢ ɐ m$,default
KusundaGM-201_tosteal-1,,KusundaGM,201_tosteal,ki.laː aː.gɔː,ki.laː aː.gɔː,k i + l aː + aː + g ɔː,,Bodt2019b,,,^k i . l aː + aː . g ɔː$,default
KusundaK-201_tosteal-1,,KusundaK,201_tosteal,ki.laː ɐ.gɔː,ki.laː ɐ.gɔː,k i + l aː + ɐ + g ɔː,,Bodt2019b,,,^k i . l aː + ɐ . g ɔː$,default
ProtoKusunda-201_tosteal-1,,ProtoKusunda,201_tosteal,ki.la,ki.la,k i + l a,,Bodt2019b,,,^k i . l a$,default
KusundaGM-202_thestick-1,,KusundaGM,202_thestick,d̪əŋ.ŋaː,d̪əŋ.ŋaː,d̪ ə ŋ + ŋ aː,,Bodt2019b,,,^d̪ ə ŋ . ŋ aː$,default
KusundaK-202_thestick-1,,KusundaK,202_thestick,d̪əŋ.gaː,d̪əŋ.gaː,d̪ ə ŋ + g aː,,Bodt2019b,,,^d̪ ə ŋ . g aː$,default
ProtoKusunda-202_thestick-1,,ProtoKusunda,202_thestick,dəŋ.ga,dəŋ.ga,d ə ŋ + g a,,Bodt2019b,,,^d ə ŋ . g a$,default
KusundaGM-203_thestoneapieceof-1,,KusundaGM,203_thestoneapieceof,jɛŋ.guː,jɛŋ.guː,j ɛ ŋ + g uː,,Bodt2019b,,,^j ɛ ŋ . g uː$,default
KusundaK-203_thestoneapieceof-1,,KusundaK,203_thestoneapieceof,jɛŋ.guː,jɛŋ.guː,j ɛ ŋ + g uː,,Bodt2019b,,,^j ɛ ŋ . g uː$,default
ProtoKusunda-203_thestoneapieceof-1,,ProtoKusunda,203_thestoneapieceof,jeŋ.gu,jeŋ.gu,j e ŋ + g u,,Bodt2019b,,,^j e ŋ . g u$,default
KusundaK-204_straight-1,,KusundaK,204_straight,ʦaŋ qʰaw,ʦaŋ qʰaw,ts a ŋ + qʰ a w,,Bodt2019b,,,^ʦ a ŋ + qʰ a w$,default
KusundaGM-205_thesun-1,,KusundaGM,205_thesun,i.jəŋ,i.jəŋ,i + j ə ŋ,,Bodt2019b,,,^i . j ə ŋ$,default
KusundaK-205_thesun-1,,KusundaK,205_thesun,iːŋ,iːŋ,iː ŋ,,Bodt2019b,,,^iː ŋ$,default
ProtoKusunda-205_thesun-1,,ProtoKusunda,205_thesun,i.jəŋ,i.jəŋ,i + j ə ŋ,,Bodt2019b,,,^i . j ə ŋ$,default
KusundaGM-206_thetail-1,,KusundaGM,206_thetail,gu.suŋ,gu.suŋ,g u + s u ŋ,,Bodt2019b,,,^g u . s u ŋ$,default
KusundaK-206_thetail-1,,KusundaK,206_thetail,juŋ.suŋ,juŋ.suŋ,j u ŋ + s u ŋ,,Bodt2019b,,,^j u ŋ . s u ŋ$,default
ProtoKusunda-206_thetail-1,,ProtoKusunda,206_thetail,suŋ,suŋ,s u ŋ,,Bodt2019b,,,^s u ŋ$,default
KusundaGM-207_ten-1,,KusundaGM,207_ten,d̪ɐs,d̪ɐs,d̪ ɐ s,,Bodt2019b,,,^d̪ ɐ s$,default
KusundaK-207_ten-1,,KusundaK,207_ten,d̪ɐːs,d̪ɐːs,d̪ ɐː s,,Bodt2019b,,,^d̪ ɐː s$,default
ProtoKusunda-207_ten-1,,ProtoKusunda,207_ten,das,das,d a s,,Bodt2019b,,,^d a s$,default
KusundaGM-208_that-1,,KusundaGM,208_that,gi.naː,gi.naː,g i + n aː,,Bodt2019b,,,^g i . n aː$,default
KusundaK-208_that-1,,KusundaK,208_that,gi.naː,gi.naː,g i + n aː,,Bodt2019b,,,^g i . n aː$,default
ProtoKusunda-208_that-1,,ProtoKusunda,208_that,gi.na,gi.na,g i + n a,,Bodt2019b,,,^g i . n a$,default
KusundaGM-209_there-1,,KusundaGM,209_there,is.naː,is.naː,i s + n aː,,Bodt2019b,,,^i s . n aː$,default
KusundaK-209_there-1,,KusundaK,209_there,ɐ.pʲɛː,ɐ.pʲɛː,ɐ + pʲ ɛː,,Bodt2019b,,,^ɐ . pʲ ɛː$,default
KusundaGM-210_thick-1,,KusundaGM,210_thick,gəj.niː,gəj.niː,g ə j + n iː,,Bodt2019b,,,^g ə j . n iː$,default
KusundaK-210_thick-1,,KusundaK,210_thick,gʰəj.niː,gʰəj.niː,gʰ ə j + n iː,,Bodt2019b,,,^gʰ ə j . n iː$,default
ProtoKusunda-210_thick-1,,ProtoKusunda,210_thick,gʰəj.ni,gʰəj.ni,gʰ ə j + n i,,Bodt2019b,,,^gʰ ə j . n i$,default
KusundaGM-211_thethigh-1,,KusundaGM,211_thethigh,ɔː.d̪ɔk,ɔː.d̪ɔk,ɔː + d̪ ɔ k,,Bodt2019b,,,^ɔː . d̪ ɔ k$,default
KusundaK-211_thethigh-1,,KusundaK,211_thethigh,ɔː.d̪ɔk,ɔː.d̪ɔk,ɔː + d̪ ɔ k,,Bodt2019b,,,^ɔː . d̪ ɔ k$,default
ProtoKusunda-211_thethigh-1,,ProtoKusunda,211_thethigh,o.dok,o.dok,o + d o k,,Bodt2019b,,,^o . d o k$,default
KusundaGM-212_thinobject-1,,KusundaGM,212_thinobject,kʲɛː.kʰɐŋ,kʲɛː.kʰɐŋ,kʲ ɛː + kʰ ɐ ŋ,,Bodt2019b,,,^kʲ ɛː . kʰ ɐ ŋ$,default
KusundaK-212_thinobject-1,,KusundaK,212_thinobject,kʲɛŋ,kʲɛŋ,kʲ ɛ ŋ,,Bodt2019b,,,^kʲ ɛ ŋ$,default
ProtoKusunda-212_thinobject-1,,ProtoKusunda,212_thinobject,ke.kʰɐŋ,ke.kʰɐŋ,k e + kʰ ɐ ŋ,,Bodt2019b,,,^k e . kʰ ɐ ŋ$,default
KusundaGM-213_tothinkreflect-1,,KusundaGM,213_tothinkreflect,im.bə aː.gɔː,im.bə aː.gɔː,i m + b ə + aː + g ɔː,,Bodt2019b,,,^i m . b ə + aː . g ɔː$,default
KusundaK-213_tothinkreflect-1,,KusundaK,213_tothinkreflect,im.bə ɐ.gɔː,im.bə ɐ.gɔː,i m + b ə + ɐ + g ɔː,,Bodt2019b,,,^i m . b ə + ɐ . g ɔː$,default
ProtoKusunda-213_tothinkreflect-1,,ProtoKusunda,213_tothinkreflect,im.bə,im.bə,i m + b ə,,Bodt2019b,,,^i m . b ə$,default
KusundaGM-214_this-1,,KusundaGM,214_this,naː,naː,n aː,,Bodt2019b,,,^n aː$,default
KusundaK-214_this-1,,KusundaK,214_this,naː,naː,n aː,,Bodt2019b,,,^n aː$,default
ProtoKusunda-214_this-1,,ProtoKusunda,214_this,na,na,n a,,Bodt2019b,,,^n a$,default
KusundaGM-215_thousecondpersonsingular-1,,KusundaGM,215_thousecondpersonsingular,nuː,nuː,n uː,,Bodt2019b,,,^n uː$,default
KusundaK-215_thousecondpersonsingular-1,,KusundaK,215_thousecondpersonsingular,nuː,nuː,n uː,,Bodt2019b,,,^n uː$,default
ProtoKusunda-215_thousecondpersonsingular-1,,ProtoKusunda,215_thousecondpersonsingular,nu,nu,n u,,Bodt2019b,,,^n u$,default
KusundaGM-216_three-1,,KusundaGM,216_three,daː.hɐt̪,daː.hɐt̪,d aː + h ɐ t̪,,Bodt2019b,,,^d aː . h ɐ t̪$,default
KusundaK-216_three-1,,KusundaK,216_three,d̪aː,d̪aː,d̪ aː,,Bodt2019b,,,^d̪ aː$,default
ProtoKusunda-216_three-1,,ProtoKusunda,216_three,da.hɐt,da.hɐt,d a + h ɐ t,,Bodt2019b,,,^d a . h ɐ t$,default
KusundaGM-217_tothrow-1,,KusundaGM,217_tothrow,hur.rə aː.gɔː,hur.rə aː.gɔː,h u r + r ə + aː + g ɔː,,Bodt2019b,,,^h u r . r ə + aː . g ɔː$,default
KusundaK-217_tothrow-1,,KusundaK,217_tothrow,hur.rə ɐ.gɔː,hur.rə ɐ.gɔː,h u r + r ə + ɐ + g ɔː,,Bodt2019b,,,^h u r . r ə + ɐ . g ɔː$,default
ProtoKusunda-217_tothrow-1,,ProtoKusunda,217_tothrow,hur.rə,hur.rə,h u r + r ə,,Bodt2019b,,,^h u r . r ə$,default
KusundaGM-219_thetiger-1,,KusundaGM,219_thetiger,mʲɛχ,mʲɛχ,mʲ ɛ χ,,Bodt2019b,,,^mʲ ɛ χ$,default
KusundaK-219_thetiger-1,,KusundaK,219_thetiger,mʲɛ̰kʰ,mʲɛ̰kʰ,mʲ ɛ̰ kʰ,,Bodt2019b,,,^mʲ ɛ̰ kʰ$,default
ProtoKusunda-219_thetiger-1,,ProtoKusunda,219_thetiger,meq,meq,m e q,,Bodt2019b,,,^m e q$,default
KusundaGM-220_today-1,,KusundaGM,220_today,t̪ən.din,t̪ən.din,t̪ ə n + d i n,,Bodt2019b,,,^t̪ ə n . d i n$,default
KusundaK-220_today-1,,KusundaK,220_today,t̪əj.naː,t̪əj.naː,t̪ ə j + n aː,,Bodt2019b,,,^t̪ ə j . n aː$,default
KusundaGM-221_tomorrow-1,,KusundaGM,221_tomorrow,gɔː.rɐkʰ,gɔː.rɐkʰ,g ɔː + r ɐ kʰ,,Bodt2019b,,,^g ɔː . r ɐ kʰ$,default
KusundaK-221_tomorrow-1,,KusundaK,221_tomorrow,gu.rɐq,gu.rɐq,g u + r ɐ q,,Bodt2019b,,,^g u . r ɐ q$,default
ProtoKusunda-221_tomorrow-1,,ProtoKusunda,221_tomorrow,gu.rɐq,gu.rɐq,g u + r ɐ q,,Bodt2019b,,,^g u . r ɐ q$,default
KusundaGM-222_thetongue-1,,KusundaGM,222_thetongue,i.ʣəŋ,i.ʣəŋ,i + dz ə ŋ,,Bodt2019b,,,^i . ʣ ə ŋ$,default
KusundaK-222_thetongue-1,,KusundaK,222_thetongue,i.ʣəŋ,i.ʣəŋ,i + dz ə ŋ,,Bodt2019b,,,^i . ʣ ə ŋ$,default
ProtoKusunda-222_thetongue-1,,ProtoKusunda,222_thetongue,i.ʣəŋ,i.ʣəŋ,i + dz ə ŋ,,Bodt2019b,,,^i . ʣ ə ŋ$,default
KusundaGM-223_thetoothfront-1,,KusundaGM,223_thetoothfront,u.huː,u.huː,u + h uː,,Bodt2019b,,,^u . h uː$,default
KusundaK-223_thetoothfront-1,,KusundaK,223_thetoothfront,u.ɦuː,u.ɦuː,u + ɦ uː,,Bodt2019b,,,^u . ɦ uː$,default
ProtoKusunda-223_thetoothfront-1,,ProtoKusunda,223_thetoothfront,u.hu,u.hu,u + h u,,Bodt2019b,,,^u . h u$,default
KusundaGM-224_thetree-1,,KusundaGM,224_thetree,jiː,jiː,j iː,,Bodt2019b,,,^j iː$,default
KusundaK-224_thetree-1,,KusundaK,224_thetree,i.jiː,i.jiː,i + j iː,,Bodt2019b,,,^i . j iː$,default
ProtoKusunda-224_thetree-1,,ProtoKusunda,224_thetree,ji,ji,j i,,Bodt2019b,,,^j i$,default
KusundaGM-225_twenty-1,,KusundaGM,225_twenty,biːs,biːs,b iː s,,Bodt2019b,,,^b iː s$,default
KusundaK-225_twenty-1,,KusundaK,225_twenty,biːs,biːs,b iː s,,Bodt2019b,,,^b iː s$,default
ProtoKusunda-225_twenty-1,,ProtoKusunda,225_twenty,bis,bis,b i s,,Bodt2019b,,,^b i s$,default
KusundaGM-226_two-1,,KusundaGM,226_two,d̪u.kʰuː,d̪u.kʰuː,d̪ u + kʰ uː,,Bodt2019b,,,^d̪ u . kʰ uː$,default
KusundaK-226_two-1,,KusundaK,226_two,d̪u.kʰɔː,d̪u.kʰɔː,d̪ u + kʰ ɔː,,Bodt2019b,,,^d̪ u . kʰ ɔː$,default
ProtoKusunda-226_two-1,,ProtoKusunda,226_two,du.kʰu,du.kʰu,d u + kʰ u,,Bodt2019b,,,^d u . kʰ u$,default
KusundaGM-228_towalk-1,,KusundaGM,228_towalk,hun.t̪ɔː,hun.t̪ɔː,h u n + t̪ ɔː,,Bodt2019b,,,^h u n . t̪ ɔː$,default
KusundaK-228_towalk-1,,KusundaK,228_towalk,bi.bi.t̪ɔː,bi.bi.t̪ɔː,b i + b i + t̪ ɔː,,Bodt2019b,,,^b i . b i . t̪ ɔː$,default
KusundaGM-229_thewater-1,,KusundaGM,229_thewater,t̪ɐŋ,t̪ɐŋ,t̪ ɐ ŋ,,Bodt2019b,,,^t̪ ɐ ŋ$,default
KusundaK-229_thewater-1,,KusundaK,229_thewater,t̪ɐŋ,t̪ɐŋ,t̪ ɐ ŋ,,Bodt2019b,,,^t̪ ɐ ŋ$,default
ProtoKusunda-229_thewater-1,,ProtoKusunda,229_thewater,tɐŋ,tɐŋ,t ɐ ŋ,,Bodt2019b,,,^t ɐ ŋ$,default
KusundaGM-230_wefirstpersonpluralinclusive-1,,KusundaGM,230_wefirstpersonpluralinclusive,t̪ɔk,t̪ɔk,t̪ ɔ k,,Bodt2019b,,,^t̪ ɔ k$,default
KusundaK-230_wefirstpersonpluralinclusive-1,,KusundaK,230_wefirstpersonpluralinclusive,t̪ɔk,t̪ɔk,t̪ ɔ k,,Bodt2019b,,,^t̪ ɔ k$,default
ProtoKusunda-230_wefirstpersonpluralinclusive-1,,ProtoKusunda,230_wefirstpersonpluralinclusive,tok,tok,t o k,,Bodt2019b,,,^t o k$,default
KusundaGM-231_wet-1,,KusundaGM,231_wet,ʣɔk.ʣiː,ʣɔk.ʣiː,dz ɔ k + dz iː,,Bodt2019b,,,^ʣ ɔ k . ʣ iː$,default
KusundaK-231_wet-1,,KusundaK,231_wet,ʤʰɔk ɐ.gɔː,ʤʰɔk ɐ.gɔː,dʒʰ ɔ k + ɐ + g ɔː,,Bodt2019b,,,^ʤʰ ɔ k + ɐ . g ɔː$,default
ProtoKusunda-231_wet-1,,ProtoKusunda,231_wet,ʣʰok,ʣʰok,dzʰ o k,,Bodt2019b,,,^ʣʰ o k$,default
KusundaGM-232_what-1,,KusundaGM,232_what,nɐ.t̪.n,nɐ.t̪.n,n ɐ + t̪ + n,,Bodt2019b,,,^n ɐ . t̪ . n$,default
KusundaK-232_what-1,,KusundaK,232_what,nɐn,nɐn,n ɐ n,,Bodt2019b,,,^n ɐ n$,default
ProtoKusunda-232_what-1,,ProtoKusunda,232_what,nɐ.t̪.n,nɐ.t̪.n,n ɐ + t̪ + n,,Bodt2019b,,,^n ɐ . t̪ . n$,default
KusundaGM-233_thewheat-1,,KusundaGM,233_thewheat,kʰɐ.ru.guj,kʰɐ.ru.guj,kʰ ɐ + r u + g u j,,Bodt2019b,,,^kʰ ɐ . r u . g u j$,default
KusundaK-233_thewheat-1,,KusundaK,233_thewheat,kʰɔ.ru.guj,kʰɔ.ru.guj,kʰ ɔ + r u + g u j,,Bodt2019b,,,^kʰ ɔ . r u . g u j$,default
ProtoKusunda-233_thewheat-1,,ProtoKusunda,233_thewheat,kʰɐ.ru.gu.hi,kʰɐ.ru.gu.hi,kʰ ɐ + r u + g u + h i,,Bodt2019b,,,^kʰ ɐ . r u . g u . h i$,default
KusundaGM-234_where-1,,KusundaGM,234_where,hɐm.peː,hɐm.peː,h ɐ m + p eː,,Bodt2019b,,,^h ɐ m . p eː$,default
KusundaK-234_where-1,,KusundaK,234_where,hɐm.peː,hɐm.peː,h ɐ m + p eː,,Bodt2019b,,,^h ɐ m . p eː$,default
ProtoKusunda-234_where-1,,ProtoKusunda,234_where,hɐm.pe,hɐm.pe,h ɐ m + p e,,Bodt2019b,,,^h ɐ m . p e$,default
KusundaGM-235_white-1,,KusundaGM,235_white,kaː.si.giː,kaː.si.giː,k aː + s i + g iː,,Bodt2019b,,,^k aː . s i . g iː$,default
KusundaK-235_white-1,,KusundaK,235_white,kaː.siː,kaː.siː,k aː + s iː,,Bodt2019b,,,^k aː . s iː$,default
ProtoKusunda-235_white-1,,ProtoKusunda,235_white,ka.si,ka.si,k a + s i,,Bodt2019b,,,^k a . s i$,default
KusundaGM-236_who-1,,KusundaGM,236_who,nə.t̪iː,nə.t̪iː,n ə + t̪ iː,,Bodt2019b,,,^n ə . t̪ iː$,default
KusundaK-236_who-1,,KusundaK,236_who,nə.t̪iː,nə.t̪iː,n ə + t̪ iː,,Bodt2019b,,,^n ə . t̪ iː$,default
ProtoKusunda-236_who-1,,ProtoKusunda,236_who,nə.ti,nə.ti,n ə + t i,,Bodt2019b,,,^n ə . t i$,default
KusundaGM-237_thewife-1,,KusundaGM,237_thewife,nʲɛŋ.diː,nʲɛŋ.diː,nʲ ɛ ŋ + d iː,,Bodt2019b,,,^nʲ ɛ ŋ . d iː$,default
KusundaK-237_thewife-1,,KusundaK,237_thewife,nʲɛː.ɐ.d̪iː,nʲɛː.ɐ.d̪iː,nʲ ɛː + ɐ + d̪ iː,,Bodt2019b,,,^nʲ ɛː . ɐ . d̪ iː$,default
ProtoKusunda-237_thewife-1,,ProtoKusunda,237_thewife,neŋ.ɐ.di,neŋ.ɐ.di,n e ŋ + ɐ + d i,,Bodt2019b,,,^n e ŋ . ɐ . d i$,default
KusundaGM-238_thewind-1,,KusundaGM,238_thewind,qɐj,qɐj,q ɐ j,,Bodt2019b,,,^q ɐ j$,default
KusundaK-238_thewind-1,,KusundaK,238_thewind,qɐj,qɐj,q ɐ j,,Bodt2019b,,,^q ɐ j$,default
ProtoKusunda-238_thewind-1,,ProtoKusunda,238_thewind,qɐj,qɐj,q ɐ j,,Bodt2019b,,,^q ɐ j$,default
KusundaGM-239_thewing-1,,KusundaGM,239_thewing,ɐ.hun,ɐ.hun,ɐ + h u n,,Bodt2019b,,,^ɐ . h u n$,default
KusundaK-239_thewing-1,,KusundaK,239_thewing,ɐ.ɦun,ɐ.ɦun,ɐ + ɦ u n,,Bodt2019b,,,^ɐ . ɦ u n$,default
ProtoKusunda-239_thewing-1,,ProtoKusunda,239_thewing,ɐ.hun,ɐ.hun,ɐ + h u n,,Bodt2019b,,,^ɐ . h u n$,default
KusundaGM-240_towipe-1,,KusundaGM,240_towipe,mut̪ aː.gɔː,mut̪ aː.gɔː,m u t̪ + aː + g ɔː,,Bodt2019b,,,^m u t̪ + aː . g ɔː$,default
KusundaK-240_towipe-1,,KusundaK,240_towipe,leː ɐ.gɔː,leː ɐ.gɔː,l eː + ɐ + g ɔː,,Bodt2019b,,,^l eː + ɐ . g ɔː$,default
KusundaGM-241_thewolf-1,,KusundaGM,241_thewolf,gi.lɐŋ aː.gəj,gi.lɐŋ aː.gəj,g i + l ɐ ŋ + aː + g ə j,,Bodt2019b,,,^g i . l ɐ ŋ + aː . g ə j$,default
KusundaGM-242_thewoman-1,,KusundaGM,242_thewoman,nʲɛŋ.d̪i gə.ʦeː,nʲɛŋ.d̪i gə.ʦeː,nʲ ɛ ŋ + d̪ i + g ə + ts eː,,Bodt2019b,,,^nʲ ɛ ŋ . d̪ i + g ə . ʦ eː$,default
KusundaK-242_thewoman-1,,KusundaK,242_thewoman,nʲɛː.d̪i.ʤiː,nʲɛː.d̪i.ʤiː,nʲ ɛː + d̪ i + dʒ iː,,Bodt2019b,,,^nʲ ɛː . d̪ i . ʤ iː$,default
ProtoKusunda-242_thewoman-1,,ProtoKusunda,242_thewoman,neŋ.ɐ.di gə.ʦe,neŋ.ɐ.di gə.ʦe,n e ŋ + ɐ + d i + g ə + ts e,,Bodt2019b,,,^n e ŋ . ɐ . d i + g ə . ʦ e$,default
KusundaGM-243_thewoodmaterial-1,,KusundaGM,243_thewoodmaterial,gu.bʲɛn,gu.bʲɛn,g u + bʲ ɛ n,,Bodt2019b,,,^g u . bʲ ɛ n$,default
KusundaK-243_thewoodmaterial-1,,KusundaK,243_thewoodmaterial,d̪əj.ʤiː,d̪əj.ʤiː,d̪ ə j + dʒ iː,,Bodt2019b,,,^d̪ ə j . ʤ iː$,default
KusundaGM-245_theyear-1,,KusundaGM,245_theyear,bɐr.saː,bɐr.saː,b ɐ r + s aː,,Bodt2019b,,,^b ɐ r . s aː$,default
KusundaK-245_theyear-1,,KusundaK,245_theyear,bɐr.saː,bɐr.saː,b ɐ r + s aː,,Bodt2019b,,,^b ɐ r . s aː$,default
ProtoKusunda-245_theyear-1,,ProtoKusunda,245_theyear,bɐr.saː,bɐr.saː,b ɐ r + s aː,,Bodt2019b,,,^b ɐ r . s aː$,default
KusundaGM-246_yellow-1,,KusundaGM,246_yellow,kɐ.pɐŋ bəj.jɔː,kɐ.pɐŋ bəj.jɔː,k ɐ + p ɐ ŋ + b ə j + j ɔː,,Bodt2019b,,,^k ɐ . p ɐ ŋ + b ə j . j ɔː$,default
KusundaK-246_yellow-1,,KusundaK,246_yellow,qʰɐ.jɛm bʰɔ.jɔː,qʰɐ.jɛm bʰɔ.jɔː,qʰ ɐ + j ɛ m + bʰ ɔ + j ɔː,,Bodt2019b,,,^qʰ ɐ . j ɛ m + bʰ ɔ . j ɔː$,default
KusundaGM-247_yesterday-1,,KusundaGM,247_yesterday,pʲɛː.niː,pʲɛː.niː,pʲ ɛː + n iː,,Bodt2019b,,,^pʲ ɛː . n iː$,default
KusundaK-247_yesterday-1,,KusundaK,247_yesterday,pʲɛː.naː,pʲɛː.naː,pʲ ɛː + n aː,,Bodt2019b,,,^pʲ ɛː . n aː$,default
ProtoKusunda-247_yesterday-1,,ProtoKusunda,247_yesterday,pe,pe,p e,,Bodt2019b,,,^p e$,default
KusundaGM-248_yousecondpersonplural-1,,KusundaGM,248_yousecondpersonplural,nɔk,nɔk,n ɔ k,,Bodt2019b,,,^n ɔ k$,default
KusundaK-248_yousecondpersonplural-1,,KusundaK,248_yousecondpersonplural,nɔk,nɔk,n ɔ k,,Bodt2019b,,,^n ɔ k$,default
ProtoKusunda-248_yousecondpersonplural-1,,ProtoKusunda,248_yousecondpersonplural,nɔk,nɔk,n ɔ k,,Bodt2019b,,,^n ɔ k$,default
KusundaGM-249_young-1,,KusundaGM,249_young,mɐkʰ.ʦʰeː,mɐkʰ.ʦʰeː,m ɐ kʰ + tsʰ eː,,Bodt2019b,,,^m ɐ kʰ . ʦʰ eː$,default
KusundaK-249_young-1,,KusundaK,249_young,maː.a̰.ʧʰeː,maː.a̰.ʧʰeː,m aː + a̰ + tʃʰ eː,,Bodt2019b,,,^m aː . a̰ . ʧʰ eː$,default
ProtoKusunda-249_young-1,,ProtoKusunda,249_young,ma.ɢa.ʦʰe,ma.ɢa.ʦʰe,m a + ɢ a + tsʰ e,,Bodt2019b,,,^m a . ɢ a . ʦʰ e$,default
KusundaGM-250_theshit-1,,KusundaGM,250_theshit,jɛŋ,jɛŋ,j ɛ ŋ,,Bodt2019b,,,^j ɛ ŋ$,default
KusundaK-250_theshit-1,,KusundaK,250_theshit,jɛŋ,jɛŋ,j ɛ ŋ,,Bodt2019b,,,^j ɛ ŋ$,default
ProtoKusunda-250_theshit-1,,ProtoKusunda,250_theshit,jeŋ,jeŋ,j e ŋ,,Bodt2019b,,,^j e ŋ$,default
